
> backend@0.0.1 start:dev
> nest start --watch

[2J[3J[H[[90m13:06:57[0m] Starting compilation in watch mode...

[[90m13:07:02[0m] Found 0 errors. Watching for file changes.

[32m[Nest] 14992  - [39m2026-03-18, 13:07:04 [32m    LOG[39m [38;5;3m[NestFactory] [39m[32mStarting Nest application...[39m
[32m[Nest] 14992  - [39m2026-03-18, 13:07:04 [32m    LOG[39m [38;5;3m[InstanceLoader] [39m[32mAppModule dependencies initialized[39m[38;5;3m +70ms[39m
[32m[Nest] 14992  - [39m2026-03-18, 13:07:04 [32m    LOG[39m [38;5;3m[InstanceLoader] [39m[32mTypeOrmModule dependencies initialized[39m[38;5;3m +2ms[39m
[32m[Nest] 14992  - [39m2026-03-18, 13:07:04 [32m    LOG[39m [38;5;3m[InstanceLoader] [39m[32mPassportModule dependencies initialized[39m[38;5;3m +2ms[39m
[32m[Nest] 14992  - [39m2026-03-18, 13:07:04 [32m    LOG[39m [38;5;3m[InstanceLoader] [39m[32mMarketplaceModule dependencies initialized[39m[38;5;3m +1ms[39m
[32m[Nest] 14992  - [39m2026-03-18, 13:07:04 [32m    LOG[39m [38;5;3m[InstanceLoader] [39m[32mPaymentsModule dependencies initialized[39m[38;5;3m +0ms[39m
[32m[Nest] 14992  - [39m2026-03-18, 13:07:04 [32m    LOG[39m [38;5;3m[InstanceLoader] [39m[32mAssetsModule dependencies initialized[39m[38;5;3m +0ms[39m
[32m[Nest] 14992  - [39m2026-03-18, 13:07:04 [32m    LOG[39m [38;5;3m[InstanceLoader] [39m[32mEventsModule dependencies initialized[39m[38;5;3m +0ms[39m
[32m[Nest] 14992  - [39m2026-03-18, 13:07:04 [32m    LOG[39m [38;5;3m[InstanceLoader] [39m[32mThrottlerModule dependencies initialized[39m[38;5;3m +1ms[39m
[32m[Nest] 14992  - [39m2026-03-18, 13:07:04 [32m    LOG[39m [38;5;3m[InstanceLoader] [39m[32mConfigHostModule dependencies initialized[39m[38;5;3m +1ms[39m
[32m[Nest] 14992  - [39m2026-03-18, 13:07:04 [32m    LOG[39m [38;5;3m[InstanceLoader] [39m[32mTerminusModule dependencies initialized[39m[38;5;3m +0ms[39m
[32m[Nest] 14992  - [39m2026-03-18, 13:07:04 [32m    LOG[39m [38;5;3m[InstanceLoader] [39m[32mConfigModule dependencies initialized[39m[38;5;3m +1ms[39m
[32m[Nest] 14992  - [39m2026-03-18, 13:07:04 [32m    LOG[39m [38;5;3m[InstanceLoader] [39m[32mConfigModule dependencies initialized[39m[38;5;3m +0ms[39m
[32m[Nest] 14992  - [39m2026-03-18, 13:07:04 [32m    LOG[39m [38;5;3m[InstanceLoader] [39m[32mHealthModule dependencies initialized[39m[38;5;3m +5ms[39m
[32m[Nest] 14992  - [39m2026-03-18, 13:07:04 [32m    LOG[39m [38;5;3m[InstanceLoader] [39m[32mJwtModule dependencies initialized[39m[38;5;3m +1ms[39m
[32m[Nest] 14992  - [39m2026-03-18, 13:07:04 [32m    LOG[39m [38;5;3m[InstanceLoader] [39m[32mTypeOrmCoreModule dependencies initialized[39m[38;5;3m +71ms[39m
[32m[Nest] 14992  - [39m2026-03-18, 13:07:04 [32m    LOG[39m [38;5;3m[InstanceLoader] [39m[32mTypeOrmModule dependencies initialized[39m[38;5;3m +0ms[39m
[32m[Nest] 14992  - [39m2026-03-18, 13:07:04 [32m    LOG[39m [38;5;3m[InstanceLoader] [39m[32mTypeOrmModule dependencies initialized[39m[38;5;3m +1ms[39m
[32m[Nest] 14992  - [39m2026-03-18, 13:07:04 [32m    LOG[39m [38;5;3m[InstanceLoader] [39m[32mTypeOrmModule dependencies initialized[39m[38;5;3m +0ms[39m
[32m[Nest] 14992  - [39m2026-03-18, 13:07:04 [32m    LOG[39m [38;5;3m[InstanceLoader] [39m[32mTypeOrmModule dependencies initialized[39m[38;5;3m +0ms[39m
[32m[Nest] 14992  - [39m2026-03-18, 13:07:04 [32m    LOG[39m [38;5;3m[InstanceLoader] [39m[32mTypeOrmModule dependencies initialized[39m[38;5;3m +0ms[39m
[32m[Nest] 14992  - [39m2026-03-18, 13:07:04 [32m    LOG[39m [38;5;3m[InstanceLoader] [39m[32mTypeOrmModule dependencies initialized[39m[38;5;3m +0ms[39m
[32m[Nest] 14992  - [39m2026-03-18, 13:07:04 [32m    LOG[39m [38;5;3m[InstanceLoader] [39m[32mTypeOrmModule dependencies initialized[39m[38;5;3m +0ms[39m
[32m[Nest] 14992  - [39m2026-03-18, 13:07:04 [32m    LOG[39m [38;5;3m[InstanceLoader] [39m[32mTypeOrmModule dependencies initialized[39m[38;5;3m +0ms[39m
[32m[Nest] 14992  - [39m2026-03-18, 13:07:04 [32m    LOG[39m [38;5;3m[InstanceLoader] [39m[32mTypeOrmModule dependencies initialized[39m[38;5;3m +0ms[39m
[32m[Nest] 14992  - [39m2026-03-18, 13:07:04 [32m    LOG[39m [38;5;3m[InstanceLoader] [39m[32mAuthModule dependencies initialized[39m[38;5;3m +4ms[39m
[32m[Nest] 14992  - [39m2026-03-18, 13:07:04 [32m    LOG[39m [38;5;3m[InstanceLoader] [39m[32mWalletsModule dependencies initialized[39m[38;5;3m +1ms[39m
[32m[Nest] 14992  - [39m2026-03-18, 13:07:04 [32m    LOG[39m [38;5;3m[InstanceLoader] [39m[32mTaxModule dependencies initialized[39m[38;5;3m +1ms[39m
[32m[Nest] 14992  - [39m2026-03-18, 13:07:04 [32m    LOG[39m [38;5;3m[InstanceLoader] [39m[32mTokenShopModule dependencies initialized[39m[38;5;3m +0ms[39m
[32m[Nest] 14992  - [39m2026-03-18, 13:07:04 [32m    LOG[39m [38;5;3m[InstanceLoader] [39m[32mPlatformModule dependencies initialized[39m[38;5;3m +1ms[39m
[32m[Nest] 14992  - [39m2026-03-18, 13:07:04 [32m    LOG[39m [38;5;3m[InstanceLoader] [39m[32mEconomicsModule dependencies initialized[39m[38;5;3m +0ms[39m
[32m[Nest] 14992  - [39m2026-03-18, 13:07:04 [32m    LOG[39m [38;5;3m[InstanceLoader] [39m[32mUsersModule dependencies initialized[39m[38;5;3m +0ms[39m
[32m[Nest] 14992  - [39m2026-03-18, 13:07:04 [32m    LOG[39m [38;5;3m[InstanceLoader] [39m[32mAdminModule dependencies initialized[39m[38;5;3m +0ms[39m
[32m[Nest] 14992  - [39m2026-03-18, 13:07:04 [32m    LOG[39m [38;5;3m[RoutesResolver] [39m[32mUsersController {/users}:[39m[38;5;3m +33ms[39m
[32m[Nest] 14992  - [39m2026-03-18, 13:07:04 [32m    LOG[39m [38;5;3m[RouterExplorer] [39m[32mMapped {/users/signup, POST} route[39m[38;5;3m +2ms[39m
[32m[Nest] 14992  - [39m2026-03-18, 13:07:04 [32m    LOG[39m [38;5;3m[RouterExplorer] [39m[32mMapped {/users/login, POST} route[39m[38;5;3m +1ms[39m
[32m[Nest] 14992  - [39m2026-03-18, 13:07:04 [32m    LOG[39m [38;5;3m[RouterExplorer] [39m[32mMapped {/users/link-wallet, POST} route[39m[38;5;3m +1ms[39m
[32m[Nest] 14992  - [39m2026-03-18, 13:07:04 [32m    LOG[39m [38;5;3m[RouterExplorer] [39m[32mMapped {/users/me, GET} route[39m[38;5;3m +0ms[39m
[32m[Nest] 14992  - [39m2026-03-18, 13:07:04 [32m    LOG[39m [38;5;3m[RouterExplorer] [39m[32mMapped {/users/studios, GET} route[39m[38;5;3m +1ms[39m
[32m[Nest] 14992  - [39m2026-03-18, 13:07:04 [32m    LOG[39m [38;5;3m[RouterExplorer] [39m[32mMapped {/users/member-session/:studioId, GET} route[39m[38;5;3m +0ms[39m
[32m[Nest] 14992  - [39m2026-03-18, 13:07:04 [32m    LOG[39m [38;5;3m[RoutesResolver] [39m[32mPlatformController {/platform}:[39m[38;5;3m +0ms[39m
[32m[Nest] 14992  - [39m2026-03-18, 13:07:04 [32m    LOG[39m [38;5;3m[RouterExplorer] [39m[32mMapped {/platform/games, POST} route[39m[38;5;3m +1ms[39m
[32m[Nest] 14992  - [39m2026-03-18, 13:07:04 [32m    LOG[39m [38;5;3m[RouterExplorer] [39m[32mMapped {/platform/games/:gameId/wallet, GET} route[39m[38;5;3m +0ms[39m
[32m[Nest] 14992  - [39m2026-03-18, 13:07:04 [32m    LOG[39m [38;5;3m[RouterExplorer] [39m[32mMapped {/platform/games/:gameId/wallet/ledger, GET} route[39m[38;5;3m +1ms[39m
[32m[Nest] 14992  - [39m2026-03-18, 13:07:04 [32m    LOG[39m [38;5;3m[RouterExplorer] [39m[32mMapped {/platform/games/:gameId, GET} route[39m[38;5;3m +0ms[39m
[32m[Nest] 14992  - [39m2026-03-18, 13:07:04 [32m    LOG[39m [38;5;3m[RouterExplorer] [39m[32mMapped {/platform/games, GET} route[39m[38;5;3m +1ms[39m
[32m[Nest] 14992  - [39m2026-03-18, 13:07:04 [32m    LOG[39m [38;5;3m[RouterExplorer] [39m[32mMapped {/platform/games/:gameId/wallet/deposit, POST} route[39m[38;5;3m +0ms[39m
[32m[Nest] 14992  - [39m2026-03-18, 13:07:04 [32m    LOG[39m [38;5;3m[RouterExplorer] [39m[32mMapped {/platform/games/:gameId/wallet/deposit-intent, POST} route[39m[38;5;3m +0ms[39m
[32m[Nest] 14992  - [39m2026-03-18, 13:07:04 [32m    LOG[39m [38;5;3m[RouterExplorer] [39m[32mMapped {/platform/games/:gameId/wallet/deposit-confirm, POST} route[39m[38;5;3m +1ms[39m
[32m[Nest] 14992  - [39m2026-03-18, 13:07:04 [32m    LOG[39m [38;5;3m[RouterExplorer] [39m[32mMapped {/platform/games/:gameId/wallet/withdraw, POST} route[39m[38;5;3m +1ms[39m
[32m[Nest] 14992  - [39m2026-03-18, 13:07:04 [32m    LOG[39m [38;5;3m[RouterExplorer] [39m[32mMapped {/platform/games/:gameId/wallet/transfer, POST} route[39m[38;5;3m +0ms[39m
[32m[Nest] 14992  - [39m2026-03-18, 13:07:04 [32m    LOG[39m [38;5;3m[RouterExplorer] [39m[32mMapped {/platform/games/:gameId/nft-templates, GET} route[39m[38;5;3m +0ms[39m
[32m[Nest] 14992  - [39m2026-03-18, 13:07:04 [32m    LOG[39m [38;5;3m[RouterExplorer] [39m[32mMapped {/platform/games/:gameId/nft-templates, POST} route[39m[38;5;3m +1ms[39m
[32m[Nest] 14992  - [39m2026-03-18, 13:07:04 [32m    LOG[39m [38;5;3m[RouterExplorer] [39m[32mMapped {/platform/games/:gameId/my-nfts, GET} route[39m[38;5;3m +0ms[39m
[32m[Nest] 14992  - [39m2026-03-18, 13:07:04 [32m    LOG[39m [38;5;3m[RouterExplorer] [39m[32mMapped {/platform/games/:gameId/nft-templates/:templateId/mint, POST} route[39m[38;5;3m +1ms[39m
[32m[Nest] 14992  - [39m2026-03-18, 13:07:04 [32m    LOG[39m [38;5;3m[RouterExplorer] [39m[32mMapped {/platform/games/:gameId/nfts/:nftId/update, POST} route[39m[38;5;3m +0ms[39m
[32m[Nest] 14992  - [39m2026-03-18, 13:07:04 [32m    LOG[39m [38;5;3m[RouterExplorer] [39m[32mMapped {/platform/personal-accounts, POST} route[39m[38;5;3m +0ms[39m
[32m[Nest] 14992  - [39m2026-03-18, 13:07:04 [32m    LOG[39m [38;5;3m[RouterExplorer] [39m[32mMapped {/platform/personal-accounts, GET} route[39m[38;5;3m +1ms[39m
[32m[Nest] 14992  - [39m2026-03-18, 13:07:04 [32m    LOG[39m [38;5;3m[RouterExplorer] [39m[32mMapped {/platform/personal-accounts/login, POST} route[39m[38;5;3m +0ms[39m
[32m[Nest] 14992  - [39m2026-03-18, 13:07:04 [32m    LOG[39m [38;5;3m[RouterExplorer] [39m[32mMapped {/platform/personal-accounts/:userId/permissions, POST} route[39m[38;5;3m +0ms[39m
[32m[Nest] 14992  - [39m2026-03-18, 13:07:04 [32m    LOG[39m [38;5;3m[RoutesResolver] [39m[32mApiPlatformController {/api/platform}:[39m[38;5;3m +1ms[39m
[32m[Nest] 14992  - [39m2026-03-18, 13:07:04 [32m    LOG[39m [38;5;3m[RouterExplorer] [39m[32mMapped {/api/platform/public-games, GET} route[39m[38;5;3m +1ms[39m
[32m[Nest] 14992  - [39m2026-03-18, 13:07:04 [32m    LOG[39m [38;5;3m[RoutesResolver] [39m[32mStudiosController {/studios}:[39m[38;5;3m +0ms[39m
[32m[Nest] 14992  - [39m2026-03-18, 13:07:04 [32m    LOG[39m [38;5;3m[RouterExplorer] [39m[32mMapped {/studios/:studioId/members, GET} route[39m[38;5;3m +1ms[39m
[32m[Nest] 14992  - [39m2026-03-18, 13:07:04 [32m    LOG[39m [38;5;3m[RouterExplorer] [39m[32mMapped {/studios/:studioId/members, POST} route[39m[38;5;3m +0ms[39m
[32m[Nest] 14992  - [39m2026-03-18, 13:07:04 [32m    LOG[39m [38;5;3m[RoutesResolver] [39m[32mWalletsController {/wallets}:[39m[38;5;3m +0ms[39m
[32m[Nest] 14992  - [39m2026-03-18, 13:07:04 [32m    LOG[39m [38;5;3m[RouterExplorer] [39m[32mMapped {/wallets/register, POST} route[39m[38;5;3m +1ms[39m
[32m[Nest] 14992  - [39m2026-03-18, 13:07:04 [32m    LOG[39m [38;5;3m[RouterExplorer] [39m[32mMapped {/wallets/balance, GET} route[39m[38;5;3m +0ms[39m
[32m[Nest] 14992  - [39m2026-03-18, 13:07:04 [32m    LOG[39m [38;5;3m[RouterExplorer] [39m[32mMapped {/wallets/assets, GET} route[39m[38;5;3m +0ms[39m
[32m[Nest] 14992  - [39m2026-03-18, 13:07:04 [32m    LOG[39m [38;5;3m[RouterExplorer] [39m[32mMapped {/wallets/assets/:id, GET} route[39m[38;5;3m +1ms[39m
[32m[Nest] 14992  - [39m2026-03-18, 13:07:04 [32m    LOG[39m [38;5;3m[RoutesResolver] [39m[32mTaxController {/tax}:[39m[38;5;3m +0ms[39m
[32m[Nest] 14992  - [39m2026-03-18, 13:07:04 [32m    LOG[39m [38;5;3m[RouterExplorer] [39m[32mMapped {/tax/summary, GET} route[39m[38;5;3m +0ms[39m
[32m[Nest] 14992  - [39m2026-03-18, 13:07:04 [32m    LOG[39m [38;5;3m[RouterExplorer] [39m[32mMapped {/tax/export, GET} route[39m[38;5;3m +0ms[39m
[32m[Nest] 14992  - [39m2026-03-18, 13:07:04 [32m    LOG[39m [38;5;3m[RoutesResolver] [39m[32mAdminController {/admin}:[39m[38;5;3m +1ms[39m
[32m[Nest] 14992  - [39m2026-03-18, 13:07:04 [32m    LOG[39m [38;5;3m[RouterExplorer] [39m[32mMapped {/admin/fees, GET} route[39m[38;5;3m +0ms[39m
[32m[Nest] 14992  - [39m2026-03-18, 13:07:04 [32m    LOG[39m [38;5;3m[RouterExplorer] [39m[32mMapped {/admin/revenue, GET} route[39m[38;5;3m +1ms[39m
[32m[Nest] 14992  - [39m2026-03-18, 13:07:04 [32m    LOG[39m [38;5;3m[RouterExplorer] [39m[32mMapped {/admin/users, GET} route[39m[38;5;3m +0ms[39m
[32m[Nest] 14992  - [39m2026-03-18, 13:07:04 [32m    LOG[39m [38;5;3m[RouterExplorer] [39m[32mMapped {/admin/studios, GET} route[39m[38;5;3m +0ms[39m
[32m[Nest] 14992  - [39m2026-03-18, 13:07:04 [32m    LOG[39m [38;5;3m[RouterExplorer] [39m[32mMapped {/admin/transactions, GET} route[39m[38;5;3m +1ms[39m
[32m[Nest] 14992  - [39m2026-03-18, 13:07:04 [32m    LOG[39m [38;5;3m[RouterExplorer] [39m[32mMapped {/admin/studios/:id/status, PATCH} route[39m[38;5;3m +0ms[39m
[32m[Nest] 14992  - [39m2026-03-18, 13:07:04 [32m    LOG[39m [38;5;3m[RouterExplorer] [39m[32mMapped {/admin/studios/:id, DELETE} route[39m[38;5;3m +0ms[39m
[32m[Nest] 14992  - [39m2026-03-18, 13:07:04 [32m    LOG[39m [38;5;3m[RouterExplorer] [39m[32mMapped {/admin/studios/:id/games, GET} route[39m[38;5;3m +0ms[39m
[32m[Nest] 14992  - [39m2026-03-18, 13:07:04 [32m    LOG[39m [38;5;3m[RouterExplorer] [39m[32mMapped {/admin/users/:id/admin, PATCH} route[39m[38;5;3m +1ms[39m
[32m[Nest] 14992  - [39m2026-03-18, 13:07:04 [32m    LOG[39m [38;5;3m[RouterExplorer] [39m[32mMapped {/admin/users/:id/suspended, PATCH} route[39m[38;5;3m +0ms[39m
[32m[Nest] 14992  - [39m2026-03-18, 13:07:04 [32m    LOG[39m [38;5;3m[RouterExplorer] [39m[32mMapped {/admin/users/:id, DELETE} route[39m[38;5;3m +0ms[39m
[32m[Nest] 14992  - [39m2026-03-18, 13:07:04 [32m    LOG[39m [38;5;3m[RouterExplorer] [39m[32mMapped {/admin/platform/fee, GET} route[39m[38;5;3m +0ms[39m
[32m[Nest] 14992  - [39m2026-03-18, 13:07:04 [32m    LOG[39m [38;5;3m[RouterExplorer] [39m[32mMapped {/admin/platform/fee, PATCH} route[39m[38;5;3m +0ms[39m
[32m[Nest] 14992  - [39m2026-03-18, 13:07:04 [32m    LOG[39m [38;5;3m[RouterExplorer] [39m[32mMapped {/admin/games, GET} route[39m[38;5;3m +0ms[39m
[32m[Nest] 14992  - [39m2026-03-18, 13:07:04 [32m    LOG[39m [38;5;3m[RouterExplorer] [39m[32mMapped {/admin/games/:id/status, PATCH} route[39m[38;5;3m +0ms[39m
[32m[Nest] 14992  - [39m2026-03-18, 13:07:04 [32m    LOG[39m [38;5;3m[RouterExplorer] [39m[32mMapped {/admin/audit-log, GET} route[39m[38;5;3m +1ms[39m
[32m[Nest] 14992  - [39m2026-03-18, 13:07:04 [32m    LOG[39m [38;5;3m[RoutesResolver] [39m[32mAdminDevController {/admin/dev}:[39m[38;5;3m +0ms[39m
[32m[Nest] 14992  - [39m2026-03-18, 13:07:04 [32m    LOG[39m [38;5;3m[RouterExplorer] [39m[32mMapped {/admin/dev/bootstrap, POST} route[39m[38;5;3m +0ms[39m
[32m[Nest] 14992  - [39m2026-03-18, 13:07:04 [32m    LOG[39m [38;5;3m[RoutesResolver] [39m[32mHealthController {/health}:[39m[38;5;3m +0ms[39m
[32m[Nest] 14992  - [39m2026-03-18, 13:07:04 [32m    LOG[39m [38;5;3m[RouterExplorer] [39m[32mMapped {/health, GET} route[39m[38;5;3m +1ms[39m
[32m[Nest] 14992  - [39m2026-03-18, 13:07:04 [32m    LOG[39m [38;5;3m[RoutesResolver] [39m[32mTokenShopShopController {/api/shop}:[39m[38;5;3m +0ms[39m
[32m[Nest] 14992  - [39m2026-03-18, 13:07:04 [32m    LOG[39m [38;5;3m[RouterExplorer] [39m[32mMapped {/api/shop/supported-assets, GET} route[39m[38;5;3m +0ms[39m
[32m[Nest] 14992  - [39m2026-03-18, 13:07:04 [32m    LOG[39m [38;5;3m[RouterExplorer] [39m[32mMapped {/api/shop/config, GET} route[39m[38;5;3m +0ms[39m
[32m[Nest] 14992  - [39m2026-03-18, 13:07:04 [32m    LOG[39m [38;5;3m[RouterExplorer] [39m[32mMapped {/api/shop/liquidity, GET} route[39m[38;5;3m +0ms[39m
[32m[Nest] 14992  - [39m2026-03-18, 13:07:04 [32m    LOG[39m [38;5;3m[RoutesResolver] [39m[32mTokenShopQuotesController {/api/quotes}:[39m[38;5;3m +1ms[39m
[32m[Nest] 14992  - [39m2026-03-18, 13:07:04 [32m    LOG[39m [38;5;3m[RouterExplorer] [39m[32mMapped {/api/quotes/buy-eth, GET} route[39m[38;5;3m +0ms[39m
[32m[Nest] 14992  - [39m2026-03-18, 13:07:04 [32m    LOG[39m [38;5;3m[RouterExplorer] [39m[32mMapped {/api/quotes/sell-eth, GET} route[39m[38;5;3m +0ms[39m
[32m[Nest] 14992  - [39m2026-03-18, 13:07:04 [32m    LOG[39m [38;5;3m[RouterExplorer] [39m[32mMapped {/api/quotes/buy-token, GET} route[39m[38;5;3m +0ms[39m
[32m[Nest] 14992  - [39m2026-03-18, 13:07:04 [32m    LOG[39m [38;5;3m[RouterExplorer] [39m[32mMapped {/api/quotes/sell-token, GET} route[39m[38;5;3m +1ms[39m
[32m[Nest] 14992  - [39m2026-03-18, 13:07:04 [32m    LOG[39m [38;5;3m[RoutesResolver] [39m[32mTokenShopAnalyticsController {/api/analytics}:[39m[38;5;3m +0ms[39m
[32m[Nest] 14992  - [39m2026-03-18, 13:07:04 [32m    LOG[39m [38;5;3m[RouterExplorer] [39m[32mMapped {/api/analytics/summary, GET} route[39m[38;5;3m +0ms[39m
[32m[Nest] 14992  - [39m2026-03-18, 13:07:04 [32m    LOG[39m [38;5;3m[RouterExplorer] [39m[32mMapped {/api/analytics/per-asset, GET} route[39m[38;5;3m +0ms[39m
[32m[Nest] 14992  - [39m2026-03-18, 13:07:04 [32m    LOG[39m [38;5;3m[RouterExplorer] [39m[32mMapped {/api/analytics/activity, GET} route[39m[38;5;3m +1ms[39m
[32m[Nest] 14992  - [39m2026-03-18, 13:07:04 [32m    LOG[39m [38;5;3m[RoutesResolver] [39m[32mTokenShopUserController {/api/user}:[39m[38;5;3m +0ms[39m
[32m[Nest] 14992  - [39m2026-03-18, 13:07:04 [32m    LOG[39m [38;5;3m[RouterExplorer] [39m[32mMapped {/api/user/:userAddress/balance, GET} route[39m[38;5;3m +0ms[39m
[32m[Nest] 14992  - [39m2026-03-18, 13:07:04 [32m    LOG[39m [38;5;3m[RouterExplorer] [39m[32mMapped {/api/user/:userAddress/history, GET} route[39m[38;5;3m +1ms[39m
[32m[Nest] 14992  - [39m2026-03-18, 13:07:04 [32m    LOG[39m [38;5;3m[RoutesResolver] [39m[32mTokenShopAdminController {/api/admin}:[39m[38;5;3m +0ms[39m
[32m[Nest] 14992  - [39m2026-03-18, 13:07:04 [32m    LOG[39m [38;5;3m[RouterExplorer] [39m[32mMapped {/api/admin/set-rates, POST} route[39m[38;5;3m +0ms[39m
[32m[Nest] 14992  - [39m2026-03-18, 13:07:04 [32m    LOG[39m [38;5;3m[RouterExplorer] [39m[32mMapped {/api/admin/set-fee, POST} route[39m[38;5;3m +1ms[39m
[32m[Nest] 14992  - [39m2026-03-18, 13:07:04 [32m    LOG[39m [38;5;3m[RouterExplorer] [39m[32mMapped {/api/admin/pause, POST} route[39m[38;5;3m +0ms[39m
[32m[Nest] 14992  - [39m2026-03-18, 13:07:04 [32m    LOG[39m [38;5;3m[RouterExplorer] [39m[32mMapped {/api/admin/unpause, POST} route[39m[38;5;3m +0ms[39m
[32m[Nest] 14992  - [39m2026-03-18, 13:07:04 [32m    LOG[39m [38;5;3m[RouterExplorer] [39m[32mMapped {/api/admin/set-limits, POST} route[39m[38;5;3m +1ms[39m
[32m[Nest] 14992  - [39m2026-03-18, 13:07:04 [32m    LOG[39m [38;5;3m[RouterExplorer] [39m[32mMapped {/api/admin/withdraw-eth, POST} route[39m[38;5;3m +0ms[39m
[32m[Nest] 14992  - [39m2026-03-18, 13:07:04 [32m    LOG[39m [38;5;3m[RouterExplorer] [39m[32mMapped {/api/admin/set-supported-token, POST} route[39m[38;5;3m +0ms[39m
[32m[Nest] 14992  - [39m2026-03-18, 13:07:04 [32m    LOG[39m [38;5;3m[RouterExplorer] [39m[32mMapped {/api/admin/set-asset-decimals, POST} route[39m[38;5;3m +0ms[39m
[32m[Nest] 14992  - [39m2026-03-18, 13:07:04 [32m    LOG[39m [38;5;3m[RoutesResolver] [39m[32mTokenShopSyncController {/api}:[39m[38;5;3m +0ms[39m
[32m[Nest] 14992  - [39m2026-03-18, 13:07:04 [32m    LOG[39m [38;5;3m[RouterExplorer] [39m[32mMapped {/api/sync, POST} route[39m[38;5;3m +0ms[39m
[32m[Nest] 14992  - [39m2026-03-18, 13:07:04 [32m    LOG[39m [38;5;3m[RoutesResolver] [39m[32mEconomicsController {/}:[39m[38;5;3m +0ms[39m
[32m[Nest] 14992  - [39m2026-03-18, 13:07:04 [32m    LOG[39m [38;5;3m[RouterExplorer] [39m[32mMapped {/api/player/nonce, GET} route[39m[38;5;3m +0ms[39m
[32m[Nest] 14992  - [39m2026-03-18, 13:07:04 [32m    LOG[39m [38;5;3m[RouterExplorer] [39m[32mMapped {/api/player/session, POST} route[39m[38;5;3m +1ms[39m
[32m[Nest] 14992  - [39m2026-03-18, 13:07:04 [32m    LOG[39m [38;5;3m[RouterExplorer] [39m[32mMapped {/api/player/game-economic-event, POST} route[39m[38;5;3m +0ms[39m
[32m[Nest] 14992  - [39m2026-03-18, 13:07:04 [32m    LOG[39m [38;5;3m[RouterExplorer] [39m[32mMapped {/economics/studio, GET} route[39m[38;5;3m +1ms[39m
[32m[Nest] 14992  - [39m2026-03-18, 13:07:04 [32m    LOG[39m [38;5;3m[RouterExplorer] [39m[32mMapped {/economics/game/:gameId, GET} route[39m[38;5;3m +0ms[39m
[33m[Nest] 14992  - [39m2026-03-18, 13:07:04 [33m   WARN[39m [38;5;3m[TokenShopListenerService] [39m[33mTOKENSHOP_ETH_USD is not set — USD-denominated tax events will have no priceUSD.[39m
[32m[Nest] 14992  - [39m2026-03-18, 13:07:04 [32m    LOG[39m [38;5;3m[TokenShopListenerService] [39m[32mNo WS_RPC_URL configured — using polling mode[39m
[32m[Nest] 14992  - [39m2026-03-18, 13:07:04 [32m    LOG[39m [38;5;3m[NestApplication] [39m[32mNest application successfully started[39m[38;5;3m +2ms[39m
[2J[3J[H[[90m13:35:44[0m] File change detected. Starting incremental compilation...

[[90m13:35:45[0m] Found 0 errors. Watching for file changes.

[32m[Nest] 18828  - [39m2026-03-18, 13:35:48 [32m    LOG[39m [38;5;3m[NestFactory] [39m[32mStarting Nest application...[39m
[32m[Nest] 18828  - [39m2026-03-18, 13:35:49 [32m    LOG[39m [38;5;3m[InstanceLoader] [39m[32mAppModule dependencies initialized[39m[38;5;3m +112ms[39m
[32m[Nest] 18828  - [39m2026-03-18, 13:35:49 [32m    LOG[39m [38;5;3m[InstanceLoader] [39m[32mTypeOrmModule dependencies initialized[39m[38;5;3m +1ms[39m
[32m[Nest] 18828  - [39m2026-03-18, 13:35:49 [32m    LOG[39m [38;5;3m[InstanceLoader] [39m[32mPassportModule dependencies initialized[39m[38;5;3m +0ms[39m
[32m[Nest] 18828  - [39m2026-03-18, 13:35:49 [32m    LOG[39m [38;5;3m[InstanceLoader] [39m[32mMarketplaceModule dependencies initialized[39m[38;5;3m +1ms[39m
[32m[Nest] 18828  - [39m2026-03-18, 13:35:49 [32m    LOG[39m [38;5;3m[InstanceLoader] [39m[32mPaymentsModule dependencies initialized[39m[38;5;3m +0ms[39m
[32m[Nest] 18828  - [39m2026-03-18, 13:35:49 [32m    LOG[39m [38;5;3m[InstanceLoader] [39m[32mAssetsModule dependencies initialized[39m[38;5;3m +0ms[39m
[32m[Nest] 18828  - [39m2026-03-18, 13:35:49 [32m    LOG[39m [38;5;3m[InstanceLoader] [39m[32mEventsModule dependencies initialized[39m[38;5;3m +1ms[39m
[32m[Nest] 18828  - [39m2026-03-18, 13:35:49 [32m    LOG[39m [38;5;3m[InstanceLoader] [39m[32mThrottlerModule dependencies initialized[39m[38;5;3m +1ms[39m
[32m[Nest] 18828  - [39m2026-03-18, 13:35:49 [32m    LOG[39m [38;5;3m[InstanceLoader] [39m[32mConfigHostModule dependencies initialized[39m[38;5;3m +2ms[39m
[32m[Nest] 18828  - [39m2026-03-18, 13:35:49 [32m    LOG[39m [38;5;3m[InstanceLoader] [39m[32mTerminusModule dependencies initialized[39m[38;5;3m +1ms[39m
[32m[Nest] 18828  - [39m2026-03-18, 13:35:49 [32m    LOG[39m [38;5;3m[InstanceLoader] [39m[32mConfigModule dependencies initialized[39m[38;5;3m +0ms[39m
[32m[Nest] 18828  - [39m2026-03-18, 13:35:49 [32m    LOG[39m [38;5;3m[InstanceLoader] [39m[32mConfigModule dependencies initialized[39m[38;5;3m +1ms[39m
[32m[Nest] 18828  - [39m2026-03-18, 13:35:49 [32m    LOG[39m [38;5;3m[InstanceLoader] [39m[32mHealthModule dependencies initialized[39m[38;5;3m +10ms[39m
[32m[Nest] 18828  - [39m2026-03-18, 13:35:49 [32m    LOG[39m [38;5;3m[InstanceLoader] [39m[32mJwtModule dependencies initialized[39m[38;5;3m +1ms[39m
[32m[Nest] 18828  - [39m2026-03-18, 13:35:49 [32m    LOG[39m [38;5;3m[InstanceLoader] [39m[32mTypeOrmCoreModule dependencies initialized[39m[38;5;3m +80ms[39m
[32m[Nest] 18828  - [39m2026-03-18, 13:35:49 [32m    LOG[39m [38;5;3m[InstanceLoader] [39m[32mTypeOrmModule dependencies initialized[39m[38;5;3m +1ms[39m
[32m[Nest] 18828  - [39m2026-03-18, 13:35:49 [32m    LOG[39m [38;5;3m[InstanceLoader] [39m[32mTypeOrmModule dependencies initialized[39m[38;5;3m +0ms[39m
[32m[Nest] 18828  - [39m2026-03-18, 13:35:49 [32m    LOG[39m [38;5;3m[InstanceLoader] [39m[32mTypeOrmModule dependencies initialized[39m[38;5;3m +0ms[39m
[32m[Nest] 18828  - [39m2026-03-18, 13:35:49 [32m    LOG[39m [38;5;3m[InstanceLoader] [39m[32mTypeOrmModule dependencies initialized[39m[38;5;3m +1ms[39m
[32m[Nest] 18828  - [39m2026-03-18, 13:35:49 [32m    LOG[39m [38;5;3m[InstanceLoader] [39m[32mTypeOrmModule dependencies initialized[39m[38;5;3m +0ms[39m
[32m[Nest] 18828  - [39m2026-03-18, 13:35:49 [32m    LOG[39m [38;5;3m[InstanceLoader] [39m[32mTypeOrmModule dependencies initialized[39m[38;5;3m +0ms[39m
[32m[Nest] 18828  - [39m2026-03-18, 13:35:49 [32m    LOG[39m [38;5;3m[InstanceLoader] [39m[32mTypeOrmModule dependencies initialized[39m[38;5;3m +1ms[39m
[32m[Nest] 18828  - [39m2026-03-18, 13:35:49 [32m    LOG[39m [38;5;3m[InstanceLoader] [39m[32mTypeOrmModule dependencies initialized[39m[38;5;3m +0ms[39m
[32m[Nest] 18828  - [39m2026-03-18, 13:35:49 [32m    LOG[39m [38;5;3m[InstanceLoader] [39m[32mTypeOrmModule dependencies initialized[39m[38;5;3m +1ms[39m
[32m[Nest] 18828  - [39m2026-03-18, 13:35:49 [32m    LOG[39m [38;5;3m[InstanceLoader] [39m[32mAuthModule dependencies initialized[39m[38;5;3m +8ms[39m
[32m[Nest] 18828  - [39m2026-03-18, 13:35:49 [32m    LOG[39m [38;5;3m[InstanceLoader] [39m[32mWalletsModule dependencies initialized[39m[38;5;3m +2ms[39m
[32m[Nest] 18828  - [39m2026-03-18, 13:35:49 [32m    LOG[39m [38;5;3m[InstanceLoader] [39m[32mTaxModule dependencies initialized[39m[38;5;3m +2ms[39m
[32m[Nest] 18828  - [39m2026-03-18, 13:35:49 [32m    LOG[39m [38;5;3m[InstanceLoader] [39m[32mTokenShopModule dependencies initialized[39m[38;5;3m +0ms[39m
[32m[Nest] 18828  - [39m2026-03-18, 13:35:49 [32m    LOG[39m [38;5;3m[InstanceLoader] [39m[32mPlatformModule dependencies initialized[39m[38;5;3m +1ms[39m
[32m[Nest] 18828  - [39m2026-03-18, 13:35:49 [32m    LOG[39m [38;5;3m[InstanceLoader] [39m[32mEconomicsModule dependencies initialized[39m[38;5;3m +0ms[39m
[32m[Nest] 18828  - [39m2026-03-18, 13:35:49 [32m    LOG[39m [38;5;3m[InstanceLoader] [39m[32mUsersModule dependencies initialized[39m[38;5;3m +0ms[39m
[32m[Nest] 18828  - [39m2026-03-18, 13:35:49 [32m    LOG[39m [38;5;3m[InstanceLoader] [39m[32mAdminModule dependencies initialized[39m[38;5;3m +1ms[39m
[32m[Nest] 18828  - [39m2026-03-18, 13:35:49 [32m    LOG[39m [38;5;3m[RoutesResolver] [39m[32mUsersController {/users}:[39m[38;5;3m +57ms[39m
[32m[Nest] 18828  - [39m2026-03-18, 13:35:49 [32m    LOG[39m [38;5;3m[RouterExplorer] [39m[32mMapped {/users/signup, POST} route[39m[38;5;3m +3ms[39m
[32m[Nest] 18828  - [39m2026-03-18, 13:35:49 [32m    LOG[39m [38;5;3m[RouterExplorer] [39m[32mMapped {/users/login, POST} route[39m[38;5;3m +0ms[39m
[32m[Nest] 18828  - [39m2026-03-18, 13:35:49 [32m    LOG[39m [38;5;3m[RouterExplorer] [39m[32mMapped {/users/link-wallet, POST} route[39m[38;5;3m +1ms[39m
[32m[Nest] 18828  - [39m2026-03-18, 13:35:49 [32m    LOG[39m [38;5;3m[RouterExplorer] [39m[32mMapped {/users/me, GET} route[39m[38;5;3m +1ms[39m
[32m[Nest] 18828  - [39m2026-03-18, 13:35:49 [32m    LOG[39m [38;5;3m[RouterExplorer] [39m[32mMapped {/users/studios, GET} route[39m[38;5;3m +0ms[39m
[32m[Nest] 18828  - [39m2026-03-18, 13:35:49 [32m    LOG[39m [38;5;3m[RouterExplorer] [39m[32mMapped {/users/member-session/:studioId, GET} route[39m[38;5;3m +1ms[39m
[32m[Nest] 18828  - [39m2026-03-18, 13:35:49 [32m    LOG[39m [38;5;3m[RoutesResolver] [39m[32mPlatformController {/platform}:[39m[38;5;3m +0ms[39m
[32m[Nest] 18828  - [39m2026-03-18, 13:35:49 [32m    LOG[39m [38;5;3m[RouterExplorer] [39m[32mMapped {/platform/games, POST} route[39m[38;5;3m +1ms[39m
[32m[Nest] 18828  - [39m2026-03-18, 13:35:49 [32m    LOG[39m [38;5;3m[RouterExplorer] [39m[32mMapped {/platform/games/:gameId/wallet, GET} route[39m[38;5;3m +1ms[39m
[32m[Nest] 18828  - [39m2026-03-18, 13:35:49 [32m    LOG[39m [38;5;3m[RouterExplorer] [39m[32mMapped {/platform/games/:gameId/wallet/ledger, GET} route[39m[38;5;3m +0ms[39m
[32m[Nest] 18828  - [39m2026-03-18, 13:35:49 [32m    LOG[39m [38;5;3m[RouterExplorer] [39m[32mMapped {/platform/games/:gameId, GET} route[39m[38;5;3m +1ms[39m
[32m[Nest] 18828  - [39m2026-03-18, 13:35:49 [32m    LOG[39m [38;5;3m[RouterExplorer] [39m[32mMapped {/platform/games, GET} route[39m[38;5;3m +0ms[39m
[32m[Nest] 18828  - [39m2026-03-18, 13:35:49 [32m    LOG[39m [38;5;3m[RouterExplorer] [39m[32mMapped {/platform/games/:gameId/wallet/deposit, POST} route[39m[38;5;3m +1ms[39m
[32m[Nest] 18828  - [39m2026-03-18, 13:35:49 [32m    LOG[39m [38;5;3m[RouterExplorer] [39m[32mMapped {/platform/games/:gameId/wallet/deposit-intent, POST} route[39m[38;5;3m +0ms[39m
[32m[Nest] 18828  - [39m2026-03-18, 13:35:49 [32m    LOG[39m [38;5;3m[RouterExplorer] [39m[32mMapped {/platform/games/:gameId/wallet/deposit-confirm, POST} route[39m[38;5;3m +1ms[39m
[32m[Nest] 18828  - [39m2026-03-18, 13:35:49 [32m    LOG[39m [38;5;3m[RouterExplorer] [39m[32mMapped {/platform/games/:gameId/wallet/withdraw, POST} route[39m[38;5;3m +0ms[39m
[32m[Nest] 18828  - [39m2026-03-18, 13:35:49 [32m    LOG[39m [38;5;3m[RouterExplorer] [39m[32mMapped {/platform/games/:gameId/wallet/transfer, POST} route[39m[38;5;3m +0ms[39m
[32m[Nest] 18828  - [39m2026-03-18, 13:35:49 [32m    LOG[39m [38;5;3m[RouterExplorer] [39m[32mMapped {/platform/games/:gameId/nft-templates, GET} route[39m[38;5;3m +1ms[39m
[32m[Nest] 18828  - [39m2026-03-18, 13:35:49 [32m    LOG[39m [38;5;3m[RouterExplorer] [39m[32mMapped {/platform/games/:gameId/nft-templates, POST} route[39m[38;5;3m +0ms[39m
[32m[Nest] 18828  - [39m2026-03-18, 13:35:49 [32m    LOG[39m [38;5;3m[RouterExplorer] [39m[32mMapped {/platform/games/:gameId/my-nfts, GET} route[39m[38;5;3m +0ms[39m
[32m[Nest] 18828  - [39m2026-03-18, 13:35:49 [32m    LOG[39m [38;5;3m[RouterExplorer] [39m[32mMapped {/platform/games/:gameId/nft-templates/:templateId/mint, POST} route[39m[38;5;3m +1ms[39m
[32m[Nest] 18828  - [39m2026-03-18, 13:35:49 [32m    LOG[39m [38;5;3m[RouterExplorer] [39m[32mMapped {/platform/games/:gameId/nfts/:nftId/update, POST} route[39m[38;5;3m +0ms[39m
[32m[Nest] 18828  - [39m2026-03-18, 13:35:49 [32m    LOG[39m [38;5;3m[RouterExplorer] [39m[32mMapped {/platform/personal-accounts, POST} route[39m[38;5;3m +1ms[39m
[32m[Nest] 18828  - [39m2026-03-18, 13:35:49 [32m    LOG[39m [38;5;3m[RouterExplorer] [39m[32mMapped {/platform/personal-accounts, GET} route[39m[38;5;3m +0ms[39m
[32m[Nest] 18828  - [39m2026-03-18, 13:35:49 [32m    LOG[39m [38;5;3m[RouterExplorer] [39m[32mMapped {/platform/personal-accounts/login, POST} route[39m[38;5;3m +1ms[39m
[32m[Nest] 18828  - [39m2026-03-18, 13:35:49 [32m    LOG[39m [38;5;3m[RouterExplorer] [39m[32mMapped {/platform/personal-accounts/:userId/permissions, POST} route[39m[38;5;3m +0ms[39m
[32m[Nest] 18828  - [39m2026-03-18, 13:35:49 [32m    LOG[39m [38;5;3m[RoutesResolver] [39m[32mApiPlatformController {/api/platform}:[39m[38;5;3m +0ms[39m
[32m[Nest] 18828  - [39m2026-03-18, 13:35:49 [32m    LOG[39m [38;5;3m[RouterExplorer] [39m[32mMapped {/api/platform/public-games, GET} route[39m[38;5;3m +1ms[39m
[32m[Nest] 18828  - [39m2026-03-18, 13:35:49 [32m    LOG[39m [38;5;3m[RoutesResolver] [39m[32mStudiosController {/studios}:[39m[38;5;3m +0ms[39m
[32m[Nest] 18828  - [39m2026-03-18, 13:35:49 [32m    LOG[39m [38;5;3m[RouterExplorer] [39m[32mMapped {/studios/:studioId/members, GET} route[39m[38;5;3m +1ms[39m
[32m[Nest] 18828  - [39m2026-03-18, 13:35:49 [32m    LOG[39m [38;5;3m[RouterExplorer] [39m[32mMapped {/studios/:studioId/members, POST} route[39m[38;5;3m +1ms[39m
[32m[Nest] 18828  - [39m2026-03-18, 13:35:49 [32m    LOG[39m [38;5;3m[RoutesResolver] [39m[32mWalletsController {/wallets}:[39m[38;5;3m +0ms[39m
[32m[Nest] 18828  - [39m2026-03-18, 13:35:49 [32m    LOG[39m [38;5;3m[RouterExplorer] [39m[32mMapped {/wallets/register, POST} route[39m[38;5;3m +0ms[39m
[32m[Nest] 18828  - [39m2026-03-18, 13:35:49 [32m    LOG[39m [38;5;3m[RouterExplorer] [39m[32mMapped {/wallets/balance, GET} route[39m[38;5;3m +1ms[39m
[32m[Nest] 18828  - [39m2026-03-18, 13:35:49 [32m    LOG[39m [38;5;3m[RouterExplorer] [39m[32mMapped {/wallets/assets, GET} route[39m[38;5;3m +0ms[39m
[32m[Nest] 18828  - [39m2026-03-18, 13:35:49 [32m    LOG[39m [38;5;3m[RouterExplorer] [39m[32mMapped {/wallets/assets/:id, GET} route[39m[38;5;3m +1ms[39m
[32m[Nest] 18828  - [39m2026-03-18, 13:35:49 [32m    LOG[39m [38;5;3m[RoutesResolver] [39m[32mTaxController {/tax}:[39m[38;5;3m +0ms[39m
[32m[Nest] 18828  - [39m2026-03-18, 13:35:49 [32m    LOG[39m [38;5;3m[RouterExplorer] [39m[32mMapped {/tax/summary, GET} route[39m[38;5;3m +0ms[39m
[32m[Nest] 18828  - [39m2026-03-18, 13:35:49 [32m    LOG[39m [38;5;3m[RouterExplorer] [39m[32mMapped {/tax/export, GET} route[39m[38;5;3m +1ms[39m
[32m[Nest] 18828  - [39m2026-03-18, 13:35:49 [32m    LOG[39m [38;5;3m[RoutesResolver] [39m[32mAdminController {/admin}:[39m[38;5;3m +1ms[39m
[32m[Nest] 18828  - [39m2026-03-18, 13:35:49 [32m    LOG[39m [38;5;3m[RouterExplorer] [39m[32mMapped {/admin/fees, GET} route[39m[38;5;3m +0ms[39m
[32m[Nest] 18828  - [39m2026-03-18, 13:35:49 [32m    LOG[39m [38;5;3m[RouterExplorer] [39m[32mMapped {/admin/revenue, GET} route[39m[38;5;3m +1ms[39m
[32m[Nest] 18828  - [39m2026-03-18, 13:35:49 [32m    LOG[39m [38;5;3m[RouterExplorer] [39m[32mMapped {/admin/users, GET} route[39m[38;5;3m +0ms[39m
[32m[Nest] 18828  - [39m2026-03-18, 13:35:49 [32m    LOG[39m [38;5;3m[RouterExplorer] [39m[32mMapped {/admin/studios, GET} route[39m[38;5;3m +0ms[39m
[32m[Nest] 18828  - [39m2026-03-18, 13:35:49 [32m    LOG[39m [38;5;3m[RouterExplorer] [39m[32mMapped {/admin/transactions, GET} route[39m[38;5;3m +1ms[39m
[32m[Nest] 18828  - [39m2026-03-18, 13:35:49 [32m    LOG[39m [38;5;3m[RouterExplorer] [39m[32mMapped {/admin/studios/:id/status, PATCH} route[39m[38;5;3m +0ms[39m
[32m[Nest] 18828  - [39m2026-03-18, 13:35:49 [32m    LOG[39m [38;5;3m[RouterExplorer] [39m[32mMapped {/admin/studios/:id, DELETE} route[39m[38;5;3m +1ms[39m
[32m[Nest] 18828  - [39m2026-03-18, 13:35:49 [32m    LOG[39m [38;5;3m[RouterExplorer] [39m[32mMapped {/admin/studios/:id/games, GET} route[39m[38;5;3m +0ms[39m
[32m[Nest] 18828  - [39m2026-03-18, 13:35:49 [32m    LOG[39m [38;5;3m[RouterExplorer] [39m[32mMapped {/admin/users/:id/admin, PATCH} route[39m[38;5;3m +1ms[39m
[32m[Nest] 18828  - [39m2026-03-18, 13:35:49 [32m    LOG[39m [38;5;3m[RouterExplorer] [39m[32mMapped {/admin/users/:id/suspended, PATCH} route[39m[38;5;3m +0ms[39m
[32m[Nest] 18828  - [39m2026-03-18, 13:35:49 [32m    LOG[39m [38;5;3m[RouterExplorer] [39m[32mMapped {/admin/users/:id, DELETE} route[39m[38;5;3m +1ms[39m
[32m[Nest] 18828  - [39m2026-03-18, 13:35:49 [32m    LOG[39m [38;5;3m[RouterExplorer] [39m[32mMapped {/admin/platform/fee, GET} route[39m[38;5;3m +0ms[39m
[32m[Nest] 18828  - [39m2026-03-18, 13:35:49 [32m    LOG[39m [38;5;3m[RouterExplorer] [39m[32mMapped {/admin/platform/fee, PATCH} route[39m[38;5;3m +0ms[39m
[32m[Nest] 18828  - [39m2026-03-18, 13:35:49 [32m    LOG[39m [38;5;3m[RouterExplorer] [39m[32mMapped {/admin/games, GET} route[39m[38;5;3m +1ms[39m
[32m[Nest] 18828  - [39m2026-03-18, 13:35:49 [32m    LOG[39m [38;5;3m[RouterExplorer] [39m[32mMapped {/admin/games/:id/status, PATCH} route[39m[38;5;3m +0ms[39m
[32m[Nest] 18828  - [39m2026-03-18, 13:35:49 [32m    LOG[39m [38;5;3m[RouterExplorer] [39m[32mMapped {/admin/audit-log, GET} route[39m[38;5;3m +1ms[39m
[32m[Nest] 18828  - [39m2026-03-18, 13:35:49 [32m    LOG[39m [38;5;3m[RoutesResolver] [39m[32mAdminDevController {/admin/dev}:[39m[38;5;3m +0ms[39m
[32m[Nest] 18828  - [39m2026-03-18, 13:35:49 [32m    LOG[39m [38;5;3m[RouterExplorer] [39m[32mMapped {/admin/dev/bootstrap, POST} route[39m[38;5;3m +1ms[39m
[32m[Nest] 18828  - [39m2026-03-18, 13:35:49 [32m    LOG[39m [38;5;3m[RoutesResolver] [39m[32mHealthController {/health}:[39m[38;5;3m +0ms[39m
[32m[Nest] 18828  - [39m2026-03-18, 13:35:49 [32m    LOG[39m [38;5;3m[RouterExplorer] [39m[32mMapped {/health, GET} route[39m[38;5;3m +0ms[39m
[32m[Nest] 18828  - [39m2026-03-18, 13:35:49 [32m    LOG[39m [38;5;3m[RoutesResolver] [39m[32mTokenShopShopController {/api/shop}:[39m[38;5;3m +1ms[39m
[32m[Nest] 18828  - [39m2026-03-18, 13:35:49 [32m    LOG[39m [38;5;3m[RouterExplorer] [39m[32mMapped {/api/shop/supported-assets, GET} route[39m[38;5;3m +0ms[39m
[32m[Nest] 18828  - [39m2026-03-18, 13:35:49 [32m    LOG[39m [38;5;3m[RouterExplorer] [39m[32mMapped {/api/shop/config, GET} route[39m[38;5;3m +1ms[39m
[32m[Nest] 18828  - [39m2026-03-18, 13:35:49 [32m    LOG[39m [38;5;3m[RouterExplorer] [39m[32mMapped {/api/shop/liquidity, GET} route[39m[38;5;3m +0ms[39m
[32m[Nest] 18828  - [39m2026-03-18, 13:35:49 [32m    LOG[39m [38;5;3m[RoutesResolver] [39m[32mTokenShopQuotesController {/api/quotes}:[39m[38;5;3m +1ms[39m
[32m[Nest] 18828  - [39m2026-03-18, 13:35:49 [32m    LOG[39m [38;5;3m[RouterExplorer] [39m[32mMapped {/api/quotes/buy-eth, GET} route[39m[38;5;3m +0ms[39m
[32m[Nest] 18828  - [39m2026-03-18, 13:35:49 [32m    LOG[39m [38;5;3m[RouterExplorer] [39m[32mMapped {/api/quotes/sell-eth, GET} route[39m[38;5;3m +1ms[39m
[32m[Nest] 18828  - [39m2026-03-18, 13:35:49 [32m    LOG[39m [38;5;3m[RouterExplorer] [39m[32mMapped {/api/quotes/buy-token, GET} route[39m[38;5;3m +0ms[39m
[32m[Nest] 18828  - [39m2026-03-18, 13:35:49 [32m    LOG[39m [38;5;3m[RouterExplorer] [39m[32mMapped {/api/quotes/sell-token, GET} route[39m[38;5;3m +0ms[39m
[32m[Nest] 18828  - [39m2026-03-18, 13:35:49 [32m    LOG[39m [38;5;3m[RoutesResolver] [39m[32mTokenShopAnalyticsController {/api/analytics}:[39m[38;5;3m +1ms[39m
[32m[Nest] 18828  - [39m2026-03-18, 13:35:49 [32m    LOG[39m [38;5;3m[RouterExplorer] [39m[32mMapped {/api/analytics/summary, GET} route[39m[38;5;3m +0ms[39m
[32m[Nest] 18828  - [39m2026-03-18, 13:35:49 [32m    LOG[39m [38;5;3m[RouterExplorer] [39m[32mMapped {/api/analytics/per-asset, GET} route[39m[38;5;3m +1ms[39m
[32m[Nest] 18828  - [39m2026-03-18, 13:35:49 [32m    LOG[39m [38;5;3m[RouterExplorer] [39m[32mMapped {/api/analytics/activity, GET} route[39m[38;5;3m +0ms[39m
[32m[Nest] 18828  - [39m2026-03-18, 13:35:49 [32m    LOG[39m [38;5;3m[RoutesResolver] [39m[32mTokenShopUserController {/api/user}:[39m[38;5;3m +1ms[39m
[32m[Nest] 18828  - [39m2026-03-18, 13:35:49 [32m    LOG[39m [38;5;3m[RouterExplorer] [39m[32mMapped {/api/user/:userAddress/balance, GET} route[39m[38;5;3m +0ms[39m
[32m[Nest] 18828  - [39m2026-03-18, 13:35:49 [32m    LOG[39m [38;5;3m[RouterExplorer] [39m[32mMapped {/api/user/:userAddress/history, GET} route[39m[38;5;3m +1ms[39m
[32m[Nest] 18828  - [39m2026-03-18, 13:35:49 [32m    LOG[39m [38;5;3m[RoutesResolver] [39m[32mTokenShopAdminController {/api/admin}:[39m[38;5;3m +0ms[39m
[32m[Nest] 18828  - [39m2026-03-18, 13:35:49 [32m    LOG[39m [38;5;3m[RouterExplorer] [39m[32mMapped {/api/admin/set-rates, POST} route[39m[38;5;3m +1ms[39m
[32m[Nest] 18828  - [39m2026-03-18, 13:35:49 [32m    LOG[39m [38;5;3m[RouterExplorer] [39m[32mMapped {/api/admin/set-fee, POST} route[39m[38;5;3m +0ms[39m
[32m[Nest] 18828  - [39m2026-03-18, 13:35:49 [32m    LOG[39m [38;5;3m[RouterExplorer] [39m[32mMapped {/api/admin/pause, POST} route[39m[38;5;3m +1ms[39m
[32m[Nest] 18828  - [39m2026-03-18, 13:35:49 [32m    LOG[39m [38;5;3m[RouterExplorer] [39m[32mMapped {/api/admin/unpause, POST} route[39m[38;5;3m +0ms[39m
[32m[Nest] 18828  - [39m2026-03-18, 13:35:49 [32m    LOG[39m [38;5;3m[RouterExplorer] [39m[32mMapped {/api/admin/set-limits, POST} route[39m[38;5;3m +0ms[39m
[32m[Nest] 18828  - [39m2026-03-18, 13:35:49 [32m    LOG[39m [38;5;3m[RouterExplorer] [39m[32mMapped {/api/admin/withdraw-eth, POST} route[39m[38;5;3m +1ms[39m
[32m[Nest] 18828  - [39m2026-03-18, 13:35:49 [32m    LOG[39m [38;5;3m[RouterExplorer] [39m[32mMapped {/api/admin/set-supported-token, POST} route[39m[38;5;3m +0ms[39m
[32m[Nest] 18828  - [39m2026-03-18, 13:35:49 [32m    LOG[39m [38;5;3m[RouterExplorer] [39m[32mMapped {/api/admin/set-asset-decimals, POST} route[39m[38;5;3m +1ms[39m
[32m[Nest] 18828  - [39m2026-03-18, 13:35:49 [32m    LOG[39m [38;5;3m[RoutesResolver] [39m[32mTokenShopSyncController {/api}:[39m[38;5;3m +0ms[39m
[32m[Nest] 18828  - [39m2026-03-18, 13:35:49 [32m    LOG[39m [38;5;3m[RouterExplorer] [39m[32mMapped {/api/sync, POST} route[39m[38;5;3m +0ms[39m
[32m[Nest] 18828  - [39m2026-03-18, 13:35:49 [32m    LOG[39m [38;5;3m[RoutesResolver] [39m[32mEconomicsController {/}:[39m[38;5;3m +1ms[39m
[32m[Nest] 18828  - [39m2026-03-18, 13:35:49 [32m    LOG[39m [38;5;3m[RouterExplorer] [39m[32mMapped {/api/player/nonce, GET} route[39m[38;5;3m +0ms[39m
[32m[Nest] 18828  - [39m2026-03-18, 13:35:49 [32m    LOG[39m [38;5;3m[RouterExplorer] [39m[32mMapped {/api/player/session, POST} route[39m[38;5;3m +1ms[39m
[32m[Nest] 18828  - [39m2026-03-18, 13:35:49 [32m    LOG[39m [38;5;3m[RouterExplorer] [39m[32mMapped {/api/player/game-economic-event, POST} route[39m[38;5;3m +1ms[39m
[32m[Nest] 18828  - [39m2026-03-18, 13:35:49 [32m    LOG[39m [38;5;3m[RouterExplorer] [39m[32mMapped {/economics/studio, GET} route[39m[38;5;3m +0ms[39m
[32m[Nest] 18828  - [39m2026-03-18, 13:35:49 [32m    LOG[39m [38;5;3m[RouterExplorer] [39m[32mMapped {/economics/game/:gameId, GET} route[39m[38;5;3m +1ms[39m
[33m[Nest] 18828  - [39m2026-03-18, 13:35:49 [33m   WARN[39m [38;5;3m[TokenShopListenerService] [39m[33mTOKENSHOP_ETH_USD is not set — USD-denominated tax events will have no priceUSD.[39m
[32m[Nest] 18828  - [39m2026-03-18, 13:35:49 [32m    LOG[39m [38;5;3m[TokenShopListenerService] [39m[32mNo WS_RPC_URL configured — using polling mode[39m
[32m[Nest] 18828  - [39m2026-03-18, 13:35:49 [32m    LOG[39m [38;5;3m[NestApplication] [39m[32mNest application successfully started[39m[38;5;3m +3ms[39m
[2J[3J[H[[90m13:36:28[0m] File change detected. Starting incremental compilation...

[[90m13:36:28[0m] Found 0 errors. Watching for file changes.

[2J[3J[H[[90m13:36:29[0m] File change detected. Starting incremental compilation...

[[90m13:36:29[0m] Found 0 errors. Watching for file changes.

[32m[Nest] 37448  - [39m2026-03-18, 13:36:31 [32m    LOG[39m [38;5;3m[NestFactory] [39m[32mStarting Nest application...[39m
[32m[Nest] 37448  - [39m2026-03-18, 13:36:32 [32m    LOG[39m [38;5;3m[InstanceLoader] [39m[32mAppModule dependencies initialized[39m[38;5;3m +80ms[39m
[32m[Nest] 37448  - [39m2026-03-18, 13:36:32 [32m    LOG[39m [38;5;3m[InstanceLoader] [39m[32mTypeOrmModule dependencies initialized[39m[38;5;3m +0ms[39m
[32m[Nest] 37448  - [39m2026-03-18, 13:36:32 [32m    LOG[39m [38;5;3m[InstanceLoader] [39m[32mPassportModule dependencies initialized[39m[38;5;3m +1ms[39m
[32m[Nest] 37448  - [39m2026-03-18, 13:36:32 [32m    LOG[39m [38;5;3m[InstanceLoader] [39m[32mMarketplaceModule dependencies initialized[39m[38;5;3m +0ms[39m
[32m[Nest] 37448  - [39m2026-03-18, 13:36:32 [32m    LOG[39m [38;5;3m[InstanceLoader] [39m[32mPaymentsModule dependencies initialized[39m[38;5;3m +0ms[39m
[32m[Nest] 37448  - [39m2026-03-18, 13:36:32 [32m    LOG[39m [38;5;3m[InstanceLoader] [39m[32mAssetsModule dependencies initialized[39m[38;5;3m +0ms[39m
[32m[Nest] 37448  - [39m2026-03-18, 13:36:32 [32m    LOG[39m [38;5;3m[InstanceLoader] [39m[32mEventsModule dependencies initialized[39m[38;5;3m +0ms[39m
[32m[Nest] 37448  - [39m2026-03-18, 13:36:32 [32m    LOG[39m [38;5;3m[InstanceLoader] [39m[32mThrottlerModule dependencies initialized[39m[38;5;3m +0ms[39m
[32m[Nest] 37448  - [39m2026-03-18, 13:36:32 [32m    LOG[39m [38;5;3m[InstanceLoader] [39m[32mConfigHostModule dependencies initialized[39m[38;5;3m +2ms[39m
[32m[Nest] 37448  - [39m2026-03-18, 13:36:32 [32m    LOG[39m [38;5;3m[InstanceLoader] [39m[32mTerminusModule dependencies initialized[39m[38;5;3m +1ms[39m
[32m[Nest] 37448  - [39m2026-03-18, 13:36:32 [32m    LOG[39m [38;5;3m[InstanceLoader] [39m[32mConfigModule dependencies initialized[39m[38;5;3m +0ms[39m
[32m[Nest] 37448  - [39m2026-03-18, 13:36:32 [32m    LOG[39m [38;5;3m[InstanceLoader] [39m[32mConfigModule dependencies initialized[39m[38;5;3m +0ms[39m
[32m[Nest] 37448  - [39m2026-03-18, 13:36:32 [32m    LOG[39m [38;5;3m[InstanceLoader] [39m[32mHealthModule dependencies initialized[39m[38;5;3m +7ms[39m
[32m[Nest] 37448  - [39m2026-03-18, 13:36:32 [32m    LOG[39m [38;5;3m[InstanceLoader] [39m[32mJwtModule dependencies initialized[39m[38;5;3m +0ms[39m
[32m[Nest] 37448  - [39m2026-03-18, 13:36:32 [32m    LOG[39m [38;5;3m[InstanceLoader] [39m[32mTypeOrmCoreModule dependencies initialized[39m[38;5;3m +80ms[39m
[32m[Nest] 37448  - [39m2026-03-18, 13:36:32 [32m    LOG[39m [38;5;3m[InstanceLoader] [39m[32mTypeOrmModule dependencies initialized[39m[38;5;3m +0ms[39m
[32m[Nest] 37448  - [39m2026-03-18, 13:36:32 [32m    LOG[39m [38;5;3m[InstanceLoader] [39m[32mTypeOrmModule dependencies initialized[39m[38;5;3m +0ms[39m
[32m[Nest] 37448  - [39m2026-03-18, 13:36:32 [32m    LOG[39m [38;5;3m[InstanceLoader] [39m[32mTypeOrmModule dependencies initialized[39m[38;5;3m +0ms[39m
[32m[Nest] 37448  - [39m2026-03-18, 13:36:32 [32m    LOG[39m [38;5;3m[InstanceLoader] [39m[32mTypeOrmModule dependencies initialized[39m[38;5;3m +1ms[39m
[32m[Nest] 37448  - [39m2026-03-18, 13:36:32 [32m    LOG[39m [38;5;3m[InstanceLoader] [39m[32mTypeOrmModule dependencies initialized[39m[38;5;3m +0ms[39m
[32m[Nest] 37448  - [39m2026-03-18, 13:36:32 [32m    LOG[39m [38;5;3m[InstanceLoader] [39m[32mTypeOrmModule dependencies initialized[39m[38;5;3m +0ms[39m
[32m[Nest] 37448  - [39m2026-03-18, 13:36:32 [32m    LOG[39m [38;5;3m[InstanceLoader] [39m[32mTypeOrmModule dependencies initialized[39m[38;5;3m +0ms[39m
[32m[Nest] 37448  - [39m2026-03-18, 13:36:32 [32m    LOG[39m [38;5;3m[InstanceLoader] [39m[32mTypeOrmModule dependencies initialized[39m[38;5;3m +0ms[39m
[32m[Nest] 37448  - [39m2026-03-18, 13:36:32 [32m    LOG[39m [38;5;3m[InstanceLoader] [39m[32mTypeOrmModule dependencies initialized[39m[38;5;3m +0ms[39m
[32m[Nest] 37448  - [39m2026-03-18, 13:36:32 [32m    LOG[39m [38;5;3m[InstanceLoader] [39m[32mAuthModule dependencies initialized[39m[38;5;3m +4ms[39m
[32m[Nest] 37448  - [39m2026-03-18, 13:36:32 [32m    LOG[39m [38;5;3m[InstanceLoader] [39m[32mWalletsModule dependencies initialized[39m[38;5;3m +2ms[39m
[32m[Nest] 37448  - [39m2026-03-18, 13:36:32 [32m    LOG[39m [38;5;3m[InstanceLoader] [39m[32mTaxModule dependencies initialized[39m[38;5;3m +1ms[39m
[32m[Nest] 37448  - [39m2026-03-18, 13:36:32 [32m    LOG[39m [38;5;3m[InstanceLoader] [39m[32mTokenShopModule dependencies initialized[39m[38;5;3m +0ms[39m
[32m[Nest] 37448  - [39m2026-03-18, 13:36:32 [32m    LOG[39m [38;5;3m[InstanceLoader] [39m[32mPlatformModule dependencies initialized[39m[38;5;3m +1ms[39m
[32m[Nest] 37448  - [39m2026-03-18, 13:36:32 [32m    LOG[39m [38;5;3m[InstanceLoader] [39m[32mEconomicsModule dependencies initialized[39m[38;5;3m +0ms[39m
[32m[Nest] 37448  - [39m2026-03-18, 13:36:32 [32m    LOG[39m [38;5;3m[InstanceLoader] [39m[32mUsersModule dependencies initialized[39m[38;5;3m +0ms[39m
[32m[Nest] 37448  - [39m2026-03-18, 13:36:32 [32m    LOG[39m [38;5;3m[InstanceLoader] [39m[32mAdminModule dependencies initialized[39m[38;5;3m +0ms[39m
[32m[Nest] 37448  - [39m2026-03-18, 13:36:32 [32m    LOG[39m [38;5;3m[RoutesResolver] [39m[32mUsersController {/users}:[39m[38;5;3m +36ms[39m
[32m[Nest] 37448  - [39m2026-03-18, 13:36:32 [32m    LOG[39m [38;5;3m[RouterExplorer] [39m[32mMapped {/users/signup, POST} route[39m[38;5;3m +3ms[39m
[32m[Nest] 37448  - [39m2026-03-18, 13:36:32 [32m    LOG[39m [38;5;3m[RouterExplorer] [39m[32mMapped {/users/login, POST} route[39m[38;5;3m +0ms[39m
[32m[Nest] 37448  - [39m2026-03-18, 13:36:32 [32m    LOG[39m [38;5;3m[RouterExplorer] [39m[32mMapped {/users/link-wallet, POST} route[39m[38;5;3m +1ms[39m
[32m[Nest] 37448  - [39m2026-03-18, 13:36:32 [32m    LOG[39m [38;5;3m[RouterExplorer] [39m[32mMapped {/users/me, GET} route[39m[38;5;3m +1ms[39m
[32m[Nest] 37448  - [39m2026-03-18, 13:36:32 [32m    LOG[39m [38;5;3m[RouterExplorer] [39m[32mMapped {/users/studios, GET} route[39m[38;5;3m +1ms[39m
[32m[Nest] 37448  - [39m2026-03-18, 13:36:32 [32m    LOG[39m [38;5;3m[RouterExplorer] [39m[32mMapped {/users/member-session/:studioId, GET} route[39m[38;5;3m +0ms[39m
[32m[Nest] 37448  - [39m2026-03-18, 13:36:32 [32m    LOG[39m [38;5;3m[RoutesResolver] [39m[32mPlatformController {/platform}:[39m[38;5;3m +1ms[39m
[32m[Nest] 37448  - [39m2026-03-18, 13:36:32 [32m    LOG[39m [38;5;3m[RouterExplorer] [39m[32mMapped {/platform/games, POST} route[39m[38;5;3m +1ms[39m
[32m[Nest] 37448  - [39m2026-03-18, 13:36:32 [32m    LOG[39m [38;5;3m[RouterExplorer] [39m[32mMapped {/platform/games/:gameId/wallet, GET} route[39m[38;5;3m +0ms[39m
[32m[Nest] 37448  - [39m2026-03-18, 13:36:32 [32m    LOG[39m [38;5;3m[RouterExplorer] [39m[32mMapped {/platform/games/:gameId/wallet/ledger, GET} route[39m[38;5;3m +1ms[39m
[32m[Nest] 37448  - [39m2026-03-18, 13:36:32 [32m    LOG[39m [38;5;3m[RouterExplorer] [39m[32mMapped {/platform/games/:gameId, GET} route[39m[38;5;3m +1ms[39m
[32m[Nest] 37448  - [39m2026-03-18, 13:36:32 [32m    LOG[39m [38;5;3m[RouterExplorer] [39m[32mMapped {/platform/games, GET} route[39m[38;5;3m +0ms[39m
[32m[Nest] 37448  - [39m2026-03-18, 13:36:32 [32m    LOG[39m [38;5;3m[RouterExplorer] [39m[32mMapped {/platform/games/:gameId/wallet/deposit, POST} route[39m[38;5;3m +1ms[39m
[32m[Nest] 37448  - [39m2026-03-18, 13:36:32 [32m    LOG[39m [38;5;3m[RouterExplorer] [39m[32mMapped {/platform/games/:gameId/wallet/deposit-intent, POST} route[39m[38;5;3m +0ms[39m
[32m[Nest] 37448  - [39m2026-03-18, 13:36:32 [32m    LOG[39m [38;5;3m[RouterExplorer] [39m[32mMapped {/platform/games/:gameId/wallet/deposit-confirm, POST} route[39m[38;5;3m +1ms[39m
[32m[Nest] 37448  - [39m2026-03-18, 13:36:32 [32m    LOG[39m [38;5;3m[RouterExplorer] [39m[32mMapped {/platform/games/:gameId/wallet/withdraw, POST} route[39m[38;5;3m +0ms[39m
[32m[Nest] 37448  - [39m2026-03-18, 13:36:32 [32m    LOG[39m [38;5;3m[RouterExplorer] [39m[32mMapped {/platform/games/:gameId/wallet/transfer, POST} route[39m[38;5;3m +1ms[39m
[32m[Nest] 37448  - [39m2026-03-18, 13:36:32 [32m    LOG[39m [38;5;3m[RouterExplorer] [39m[32mMapped {/platform/games/:gameId/nft-templates, GET} route[39m[38;5;3m +1ms[39m
[32m[Nest] 37448  - [39m2026-03-18, 13:36:32 [32m    LOG[39m [38;5;3m[RouterExplorer] [39m[32mMapped {/platform/games/:gameId/nft-templates, POST} route[39m[38;5;3m +0ms[39m
[32m[Nest] 37448  - [39m2026-03-18, 13:36:32 [32m    LOG[39m [38;5;3m[RouterExplorer] [39m[32mMapped {/platform/games/:gameId/my-nfts, GET} route[39m[38;5;3m +1ms[39m
[32m[Nest] 37448  - [39m2026-03-18, 13:36:32 [32m    LOG[39m [38;5;3m[RouterExplorer] [39m[32mMapped {/platform/games/:gameId/nft-templates/:templateId/mint, POST} route[39m[38;5;3m +1ms[39m
[32m[Nest] 37448  - [39m2026-03-18, 13:36:32 [32m    LOG[39m [38;5;3m[RouterExplorer] [39m[32mMapped {/platform/games/:gameId/nfts/:nftId/update, POST} route[39m[38;5;3m +1ms[39m
[32m[Nest] 37448  - [39m2026-03-18, 13:36:32 [32m    LOG[39m [38;5;3m[RouterExplorer] [39m[32mMapped {/platform/personal-accounts, POST} route[39m[38;5;3m +0ms[39m
[32m[Nest] 37448  - [39m2026-03-18, 13:36:32 [32m    LOG[39m [38;5;3m[RouterExplorer] [39m[32mMapped {/platform/personal-accounts, GET} route[39m[38;5;3m +1ms[39m
[32m[Nest] 37448  - [39m2026-03-18, 13:36:32 [32m    LOG[39m [38;5;3m[RouterExplorer] [39m[32mMapped {/platform/personal-accounts/login, POST} route[39m[38;5;3m +0ms[39m
[32m[Nest] 37448  - [39m2026-03-18, 13:36:32 [32m    LOG[39m [38;5;3m[RouterExplorer] [39m[32mMapped {/platform/personal-accounts/:userId/permissions, POST} route[39m[38;5;3m +0ms[39m
[32m[Nest] 37448  - [39m2026-03-18, 13:36:32 [32m    LOG[39m [38;5;3m[RoutesResolver] [39m[32mApiPlatformController {/api/platform}:[39m[38;5;3m +1ms[39m
[32m[Nest] 37448  - [39m2026-03-18, 13:36:32 [32m    LOG[39m [38;5;3m[RouterExplorer] [39m[32mMapped {/api/platform/public-games, GET} route[39m[38;5;3m +0ms[39m
[32m[Nest] 37448  - [39m2026-03-18, 13:36:32 [32m    LOG[39m [38;5;3m[RoutesResolver] [39m[32mStudiosController {/studios}:[39m[38;5;3m +0ms[39m
[32m[Nest] 37448  - [39m2026-03-18, 13:36:32 [32m    LOG[39m [38;5;3m[RouterExplorer] [39m[32mMapped {/studios/:studioId/members, GET} route[39m[38;5;3m +1ms[39m
[32m[Nest] 37448  - [39m2026-03-18, 13:36:32 [32m    LOG[39m [38;5;3m[RouterExplorer] [39m[32mMapped {/studios/:studioId/members, POST} route[39m[38;5;3m +0ms[39m
[32m[Nest] 37448  - [39m2026-03-18, 13:36:32 [32m    LOG[39m [38;5;3m[RoutesResolver] [39m[32mWalletsController {/wallets}:[39m[38;5;3m +0ms[39m
[32m[Nest] 37448  - [39m2026-03-18, 13:36:32 [32m    LOG[39m [38;5;3m[RouterExplorer] [39m[32mMapped {/wallets/register, POST} route[39m[38;5;3m +1ms[39m
[32m[Nest] 37448  - [39m2026-03-18, 13:36:32 [32m    LOG[39m [38;5;3m[RouterExplorer] [39m[32mMapped {/wallets/balance, GET} route[39m[38;5;3m +0ms[39m
[32m[Nest] 37448  - [39m2026-03-18, 13:36:32 [32m    LOG[39m [38;5;3m[RouterExplorer] [39m[32mMapped {/wallets/assets, GET} route[39m[38;5;3m +0ms[39m
[32m[Nest] 37448  - [39m2026-03-18, 13:36:32 [32m    LOG[39m [38;5;3m[RouterExplorer] [39m[32mMapped {/wallets/assets/:id, GET} route[39m[38;5;3m +1ms[39m
[32m[Nest] 37448  - [39m2026-03-18, 13:36:32 [32m    LOG[39m [38;5;3m[RoutesResolver] [39m[32mTaxController {/tax}:[39m[38;5;3m +0ms[39m
[32m[Nest] 37448  - [39m2026-03-18, 13:36:32 [32m    LOG[39m [38;5;3m[RouterExplorer] [39m[32mMapped {/tax/summary, GET} route[39m[38;5;3m +1ms[39m
[32m[Nest] 37448  - [39m2026-03-18, 13:36:32 [32m    LOG[39m [38;5;3m[RouterExplorer] [39m[32mMapped {/tax/export, GET} route[39m[38;5;3m +0ms[39m
[32m[Nest] 37448  - [39m2026-03-18, 13:36:32 [32m    LOG[39m [38;5;3m[RoutesResolver] [39m[32mAdminController {/admin}:[39m[38;5;3m +0ms[39m
[32m[Nest] 37448  - [39m2026-03-18, 13:36:32 [32m    LOG[39m [38;5;3m[RouterExplorer] [39m[32mMapped {/admin/fees, GET} route[39m[38;5;3m +1ms[39m
[32m[Nest] 37448  - [39m2026-03-18, 13:36:32 [32m    LOG[39m [38;5;3m[RouterExplorer] [39m[32mMapped {/admin/revenue, GET} route[39m[38;5;3m +0ms[39m
[32m[Nest] 37448  - [39m2026-03-18, 13:36:32 [32m    LOG[39m [38;5;3m[RouterExplorer] [39m[32mMapped {/admin/users, GET} route[39m[38;5;3m +0ms[39m
[32m[Nest] 37448  - [39m2026-03-18, 13:36:32 [32m    LOG[39m [38;5;3m[RouterExplorer] [39m[32mMapped {/admin/studios, GET} route[39m[38;5;3m +0ms[39m
[32m[Nest] 37448  - [39m2026-03-18, 13:36:32 [32m    LOG[39m [38;5;3m[RouterExplorer] [39m[32mMapped {/admin/transactions, GET} route[39m[38;5;3m +1ms[39m
[32m[Nest] 37448  - [39m2026-03-18, 13:36:32 [32m    LOG[39m [38;5;3m[RouterExplorer] [39m[32mMapped {/admin/studios/:id/status, PATCH} route[39m[38;5;3m +0ms[39m
[32m[Nest] 37448  - [39m2026-03-18, 13:36:32 [32m    LOG[39m [38;5;3m[RouterExplorer] [39m[32mMapped {/admin/studios/:id, DELETE} route[39m[38;5;3m +1ms[39m
[32m[Nest] 37448  - [39m2026-03-18, 13:36:32 [32m    LOG[39m [38;5;3m[RouterExplorer] [39m[32mMapped {/admin/studios/:id/games, GET} route[39m[38;5;3m +0ms[39m
[32m[Nest] 37448  - [39m2026-03-18, 13:36:32 [32m    LOG[39m [38;5;3m[RouterExplorer] [39m[32mMapped {/admin/users/:id/admin, PATCH} route[39m[38;5;3m +1ms[39m
[32m[Nest] 37448  - [39m2026-03-18, 13:36:32 [32m    LOG[39m [38;5;3m[RouterExplorer] [39m[32mMapped {/admin/users/:id/suspended, PATCH} route[39m[38;5;3m +0ms[39m
[32m[Nest] 37448  - [39m2026-03-18, 13:36:32 [32m    LOG[39m [38;5;3m[RouterExplorer] [39m[32mMapped {/admin/users/:id, DELETE} route[39m[38;5;3m +0ms[39m
[32m[Nest] 37448  - [39m2026-03-18, 13:36:32 [32m    LOG[39m [38;5;3m[RouterExplorer] [39m[32mMapped {/admin/platform/fee, GET} route[39m[38;5;3m +1ms[39m
[32m[Nest] 37448  - [39m2026-03-18, 13:36:32 [32m    LOG[39m [38;5;3m[RouterExplorer] [39m[32mMapped {/admin/platform/fee, PATCH} route[39m[38;5;3m +0ms[39m
[32m[Nest] 37448  - [39m2026-03-18, 13:36:32 [32m    LOG[39m [38;5;3m[RouterExplorer] [39m[32mMapped {/admin/games, GET} route[39m[38;5;3m +0ms[39m
[32m[Nest] 37448  - [39m2026-03-18, 13:36:32 [32m    LOG[39m [38;5;3m[RouterExplorer] [39m[32mMapped {/admin/games/:id/status, PATCH} route[39m[38;5;3m +1ms[39m
[32m[Nest] 37448  - [39m2026-03-18, 13:36:32 [32m    LOG[39m [38;5;3m[RouterExplorer] [39m[32mMapped {/admin/audit-log, GET} route[39m[38;5;3m +0ms[39m
[32m[Nest] 37448  - [39m2026-03-18, 13:36:32 [32m    LOG[39m [38;5;3m[RoutesResolver] [39m[32mAdminDevController {/admin/dev}:[39m[38;5;3m +0ms[39m
[32m[Nest] 37448  - [39m2026-03-18, 13:36:32 [32m    LOG[39m [38;5;3m[RouterExplorer] [39m[32mMapped {/admin/dev/bootstrap, POST} route[39m[38;5;3m +1ms[39m
[32m[Nest] 37448  - [39m2026-03-18, 13:36:32 [32m    LOG[39m [38;5;3m[RoutesResolver] [39m[32mHealthController {/health}:[39m[38;5;3m +0ms[39m
[32m[Nest] 37448  - [39m2026-03-18, 13:36:32 [32m    LOG[39m [38;5;3m[RouterExplorer] [39m[32mMapped {/health, GET} route[39m[38;5;3m +1ms[39m
[32m[Nest] 37448  - [39m2026-03-18, 13:36:32 [32m    LOG[39m [38;5;3m[RoutesResolver] [39m[32mTokenShopShopController {/api/shop}:[39m[38;5;3m +0ms[39m
[32m[Nest] 37448  - [39m2026-03-18, 13:36:32 [32m    LOG[39m [38;5;3m[RouterExplorer] [39m[32mMapped {/api/shop/supported-assets, GET} route[39m[38;5;3m +1ms[39m
[32m[Nest] 37448  - [39m2026-03-18, 13:36:32 [32m    LOG[39m [38;5;3m[RouterExplorer] [39m[32mMapped {/api/shop/config, GET} route[39m[38;5;3m +0ms[39m
[32m[Nest] 37448  - [39m2026-03-18, 13:36:32 [32m    LOG[39m [38;5;3m[RouterExplorer] [39m[32mMapped {/api/shop/liquidity, GET} route[39m[38;5;3m +1ms[39m
[32m[Nest] 37448  - [39m2026-03-18, 13:36:32 [32m    LOG[39m [38;5;3m[RoutesResolver] [39m[32mTokenShopQuotesController {/api/quotes}:[39m[38;5;3m +0ms[39m
[32m[Nest] 37448  - [39m2026-03-18, 13:36:32 [32m    LOG[39m [38;5;3m[RouterExplorer] [39m[32mMapped {/api/quotes/buy-eth, GET} route[39m[38;5;3m +0ms[39m
[32m[Nest] 37448  - [39m2026-03-18, 13:36:32 [32m    LOG[39m [38;5;3m[RouterExplorer] [39m[32mMapped {/api/quotes/sell-eth, GET} route[39m[38;5;3m +1ms[39m
[32m[Nest] 37448  - [39m2026-03-18, 13:36:32 [32m    LOG[39m [38;5;3m[RouterExplorer] [39m[32mMapped {/api/quotes/buy-token, GET} route[39m[38;5;3m +0ms[39m
[32m[Nest] 37448  - [39m2026-03-18, 13:36:32 [32m    LOG[39m [38;5;3m[RouterExplorer] [39m[32mMapped {/api/quotes/sell-token, GET} route[39m[38;5;3m +0ms[39m
[32m[Nest] 37448  - [39m2026-03-18, 13:36:32 [32m    LOG[39m [38;5;3m[RoutesResolver] [39m[32mTokenShopAnalyticsController {/api/analytics}:[39m[38;5;3m +0ms[39m
[32m[Nest] 37448  - [39m2026-03-18, 13:36:32 [32m    LOG[39m [38;5;3m[RouterExplorer] [39m[32mMapped {/api/analytics/summary, GET} route[39m[38;5;3m +1ms[39m
[32m[Nest] 37448  - [39m2026-03-18, 13:36:32 [32m    LOG[39m [38;5;3m[RouterExplorer] [39m[32mMapped {/api/analytics/per-asset, GET} route[39m[38;5;3m +0ms[39m
[32m[Nest] 37448  - [39m2026-03-18, 13:36:32 [32m    LOG[39m [38;5;3m[RouterExplorer] [39m[32mMapped {/api/analytics/activity, GET} route[39m[38;5;3m +0ms[39m
[32m[Nest] 37448  - [39m2026-03-18, 13:36:32 [32m    LOG[39m [38;5;3m[RoutesResolver] [39m[32mTokenShopUserController {/api/user}:[39m[38;5;3m +0ms[39m
[32m[Nest] 37448  - [39m2026-03-18, 13:36:32 [32m    LOG[39m [38;5;3m[RouterExplorer] [39m[32mMapped {/api/user/:userAddress/balance, GET} route[39m[38;5;3m +1ms[39m
[32m[Nest] 37448  - [39m2026-03-18, 13:36:32 [32m    LOG[39m [38;5;3m[RouterExplorer] [39m[32mMapped {/api/user/:userAddress/history, GET} route[39m[38;5;3m +0ms[39m
[32m[Nest] 37448  - [39m2026-03-18, 13:36:32 [32m    LOG[39m [38;5;3m[RoutesResolver] [39m[32mTokenShopAdminController {/api/admin}:[39m[38;5;3m +1ms[39m
[32m[Nest] 37448  - [39m2026-03-18, 13:36:32 [32m    LOG[39m [38;5;3m[RouterExplorer] [39m[32mMapped {/api/admin/set-rates, POST} route[39m[38;5;3m +0ms[39m
[32m[Nest] 37448  - [39m2026-03-18, 13:36:32 [32m    LOG[39m [38;5;3m[RouterExplorer] [39m[32mMapped {/api/admin/set-fee, POST} route[39m[38;5;3m +1ms[39m
[32m[Nest] 37448  - [39m2026-03-18, 13:36:32 [32m    LOG[39m [38;5;3m[RouterExplorer] [39m[32mMapped {/api/admin/pause, POST} route[39m[38;5;3m +0ms[39m
[32m[Nest] 37448  - [39m2026-03-18, 13:36:32 [32m    LOG[39m [38;5;3m[RouterExplorer] [39m[32mMapped {/api/admin/unpause, POST} route[39m[38;5;3m +0ms[39m
[32m[Nest] 37448  - [39m2026-03-18, 13:36:32 [32m    LOG[39m [38;5;3m[RouterExplorer] [39m[32mMapped {/api/admin/set-limits, POST} route[39m[38;5;3m +0ms[39m
[32m[Nest] 37448  - [39m2026-03-18, 13:36:32 [32m    LOG[39m [38;5;3m[RouterExplorer] [39m[32mMapped {/api/admin/withdraw-eth, POST} route[39m[38;5;3m +1ms[39m
[32m[Nest] 37448  - [39m2026-03-18, 13:36:32 [32m    LOG[39m [38;5;3m[RouterExplorer] [39m[32mMapped {/api/admin/set-supported-token, POST} route[39m[38;5;3m +0ms[39m
[32m[Nest] 37448  - [39m2026-03-18, 13:36:32 [32m    LOG[39m [38;5;3m[RouterExplorer] [39m[32mMapped {/api/admin/set-asset-decimals, POST} route[39m[38;5;3m +0ms[39m
[32m[Nest] 37448  - [39m2026-03-18, 13:36:32 [32m    LOG[39m [38;5;3m[RoutesResolver] [39m[32mTokenShopSyncController {/api}:[39m[38;5;3m +0ms[39m
[32m[Nest] 37448  - [39m2026-03-18, 13:36:32 [32m    LOG[39m [38;5;3m[RouterExplorer] [39m[32mMapped {/api/sync, POST} route[39m[38;5;3m +0ms[39m
[32m[Nest] 37448  - [39m2026-03-18, 13:36:32 [32m    LOG[39m [38;5;3m[RoutesResolver] [39m[32mEconomicsController {/}:[39m[38;5;3m +1ms[39m
[32m[Nest] 37448  - [39m2026-03-18, 13:36:32 [32m    LOG[39m [38;5;3m[RouterExplorer] [39m[32mMapped {/api/player/nonce, GET} route[39m[38;5;3m +0ms[39m
[32m[Nest] 37448  - [39m2026-03-18, 13:36:32 [32m    LOG[39m [38;5;3m[RouterExplorer] [39m[32mMapped {/api/player/session, POST} route[39m[38;5;3m +0ms[39m
[32m[Nest] 37448  - [39m2026-03-18, 13:36:32 [32m    LOG[39m [38;5;3m[RouterExplorer] [39m[32mMapped {/api/player/game-economic-event, POST} route[39m[38;5;3m +0ms[39m
[32m[Nest] 37448  - [39m2026-03-18, 13:36:32 [32m    LOG[39m [38;5;3m[RouterExplorer] [39m[32mMapped {/economics/studio, GET} route[39m[38;5;3m +1ms[39m
[32m[Nest] 37448  - [39m2026-03-18, 13:36:32 [32m    LOG[39m [38;5;3m[RouterExplorer] [39m[32mMapped {/economics/game/:gameId, GET} route[39m[38;5;3m +0ms[39m
[33m[Nest] 37448  - [39m2026-03-18, 13:36:32 [33m   WARN[39m [38;5;3m[TokenShopListenerService] [39m[33mTOKENSHOP_ETH_USD is not set — USD-denominated tax events will have no priceUSD.[39m
[32m[Nest] 37448  - [39m2026-03-18, 13:36:32 [32m    LOG[39m [38;5;3m[TokenShopListenerService] [39m[32mNo WS_RPC_URL configured — using polling mode[39m
[32m[Nest] 37448  - [39m2026-03-18, 13:36:32 [32m    LOG[39m [38;5;3m[NestApplication] [39m[32mNest application successfully started[39m[38;5;3m +2ms[39m
[2J[3J[H[[90m13:46:58[0m] File change detected. Starting incremental compilation...

[2J[3J[H[[90m13:52:25[0m] File change detected. Starting incremental compilation...

[[90m13:52:26[0m] Found 0 errors. Watching for file changes.

[32m[Nest] 26780  - [39m2026-03-18, 13:52:27 [32m    LOG[39m [38;5;3m[NestFactory] [39m[32mStarting Nest application...[39m
[32m[Nest] 26780  - [39m2026-03-18, 13:52:27 [32m    LOG[39m [38;5;3m[InstanceLoader] [39m[32mAppModule dependencies initialized[39m[38;5;3m +69ms[39m
[32m[Nest] 26780  - [39m2026-03-18, 13:52:27 [32m    LOG[39m [38;5;3m[InstanceLoader] [39m[32mTypeOrmModule dependencies initialized[39m[38;5;3m +0ms[39m
[32m[Nest] 26780  - [39m2026-03-18, 13:52:27 [32m    LOG[39m [38;5;3m[InstanceLoader] [39m[32mPassportModule dependencies initialized[39m[38;5;3m +1ms[39m
[32m[Nest] 26780  - [39m2026-03-18, 13:52:27 [32m    LOG[39m [38;5;3m[InstanceLoader] [39m[32mMarketplaceModule dependencies initialized[39m[38;5;3m +0ms[39m
[32m[Nest] 26780  - [39m2026-03-18, 13:52:27 [32m    LOG[39m [38;5;3m[InstanceLoader] [39m[32mPaymentsModule dependencies initialized[39m[38;5;3m +0ms[39m
[32m[Nest] 26780  - [39m2026-03-18, 13:52:27 [32m    LOG[39m [38;5;3m[InstanceLoader] [39m[32mAssetsModule dependencies initialized[39m[38;5;3m +0ms[39m
[32m[Nest] 26780  - [39m2026-03-18, 13:52:27 [32m    LOG[39m [38;5;3m[InstanceLoader] [39m[32mEventsModule dependencies initialized[39m[38;5;3m +0ms[39m
[32m[Nest] 26780  - [39m2026-03-18, 13:52:27 [32m    LOG[39m [38;5;3m[InstanceLoader] [39m[32mThrottlerModule dependencies initialized[39m[38;5;3m +0ms[39m
[32m[Nest] 26780  - [39m2026-03-18, 13:52:27 [32m    LOG[39m [38;5;3m[InstanceLoader] [39m[32mConfigHostModule dependencies initialized[39m[38;5;3m +2ms[39m
[32m[Nest] 26780  - [39m2026-03-18, 13:52:27 [32m    LOG[39m [38;5;3m[InstanceLoader] [39m[32mTerminusModule dependencies initialized[39m[38;5;3m +0ms[39m
[32m[Nest] 26780  - [39m2026-03-18, 13:52:27 [32m    LOG[39m [38;5;3m[InstanceLoader] [39m[32mConfigModule dependencies initialized[39m[38;5;3m +1ms[39m
[32m[Nest] 26780  - [39m2026-03-18, 13:52:27 [32m    LOG[39m [38;5;3m[InstanceLoader] [39m[32mConfigModule dependencies initialized[39m[38;5;3m +1ms[39m
[32m[Nest] 26780  - [39m2026-03-18, 13:52:27 [32m    LOG[39m [38;5;3m[InstanceLoader] [39m[32mHealthModule dependencies initialized[39m[38;5;3m +4ms[39m
[32m[Nest] 26780  - [39m2026-03-18, 13:52:27 [32m    LOG[39m [38;5;3m[InstanceLoader] [39m[32mJwtModule dependencies initialized[39m[38;5;3m +1ms[39m
[32m[Nest] 26780  - [39m2026-03-18, 13:52:27 [32m    LOG[39m [38;5;3m[InstanceLoader] [39m[32mTypeOrmCoreModule dependencies initialized[39m[38;5;3m +166ms[39m
[32m[Nest] 26780  - [39m2026-03-18, 13:52:27 [32m    LOG[39m [38;5;3m[InstanceLoader] [39m[32mTypeOrmModule dependencies initialized[39m[38;5;3m +0ms[39m
[32m[Nest] 26780  - [39m2026-03-18, 13:52:27 [32m    LOG[39m [38;5;3m[InstanceLoader] [39m[32mTypeOrmModule dependencies initialized[39m[38;5;3m +1ms[39m
[32m[Nest] 26780  - [39m2026-03-18, 13:52:27 [32m    LOG[39m [38;5;3m[InstanceLoader] [39m[32mTypeOrmModule dependencies initialized[39m[38;5;3m +0ms[39m
[32m[Nest] 26780  - [39m2026-03-18, 13:52:27 [32m    LOG[39m [38;5;3m[InstanceLoader] [39m[32mTypeOrmModule dependencies initialized[39m[38;5;3m +0ms[39m
[32m[Nest] 26780  - [39m2026-03-18, 13:52:27 [32m    LOG[39m [38;5;3m[InstanceLoader] [39m[32mTypeOrmModule dependencies initialized[39m[38;5;3m +0ms[39m
[32m[Nest] 26780  - [39m2026-03-18, 13:52:27 [32m    LOG[39m [38;5;3m[InstanceLoader] [39m[32mTypeOrmModule dependencies initialized[39m[38;5;3m +1ms[39m
[32m[Nest] 26780  - [39m2026-03-18, 13:52:27 [32m    LOG[39m [38;5;3m[InstanceLoader] [39m[32mTypeOrmModule dependencies initialized[39m[38;5;3m +0ms[39m
[32m[Nest] 26780  - [39m2026-03-18, 13:52:27 [32m    LOG[39m [38;5;3m[InstanceLoader] [39m[32mTypeOrmModule dependencies initialized[39m[38;5;3m +0ms[39m
[32m[Nest] 26780  - [39m2026-03-18, 13:52:27 [32m    LOG[39m [38;5;3m[InstanceLoader] [39m[32mTypeOrmModule dependencies initialized[39m[38;5;3m +0ms[39m
[32m[Nest] 26780  - [39m2026-03-18, 13:52:27 [32m    LOG[39m [38;5;3m[InstanceLoader] [39m[32mAuthModule dependencies initialized[39m[38;5;3m +3ms[39m
[32m[Nest] 26780  - [39m2026-03-18, 13:52:27 [32m    LOG[39m [38;5;3m[InstanceLoader] [39m[32mWalletsModule dependencies initialized[39m[38;5;3m +2ms[39m
[32m[Nest] 26780  - [39m2026-03-18, 13:52:27 [32m    LOG[39m [38;5;3m[InstanceLoader] [39m[32mTaxModule dependencies initialized[39m[38;5;3m +1ms[39m
[32m[Nest] 26780  - [39m2026-03-18, 13:52:27 [32m    LOG[39m [38;5;3m[InstanceLoader] [39m[32mTokenShopModule dependencies initialized[39m[38;5;3m +1ms[39m
[32m[Nest] 26780  - [39m2026-03-18, 13:52:27 [32m    LOG[39m [38;5;3m[InstanceLoader] [39m[32mPlatformModule dependencies initialized[39m[38;5;3m +0ms[39m
[32m[Nest] 26780  - [39m2026-03-18, 13:52:27 [32m    LOG[39m [38;5;3m[InstanceLoader] [39m[32mEconomicsModule dependencies initialized[39m[38;5;3m +0ms[39m
[32m[Nest] 26780  - [39m2026-03-18, 13:52:27 [32m    LOG[39m [38;5;3m[InstanceLoader] [39m[32mUsersModule dependencies initialized[39m[38;5;3m +0ms[39m
[32m[Nest] 26780  - [39m2026-03-18, 13:52:27 [32m    LOG[39m [38;5;3m[InstanceLoader] [39m[32mAdminModule dependencies initialized[39m[38;5;3m +1ms[39m
[32m[Nest] 26780  - [39m2026-03-18, 13:52:27 [32m    LOG[39m [38;5;3m[RoutesResolver] [39m[32mUsersController {/users}:[39m[38;5;3m +41ms[39m
[32m[Nest] 26780  - [39m2026-03-18, 13:52:27 [32m    LOG[39m [38;5;3m[RouterExplorer] [39m[32mMapped {/users/signup, POST} route[39m[38;5;3m +2ms[39m
[32m[Nest] 26780  - [39m2026-03-18, 13:52:27 [32m    LOG[39m [38;5;3m[RouterExplorer] [39m[32mMapped {/users/login, POST} route[39m[38;5;3m +1ms[39m
[32m[Nest] 26780  - [39m2026-03-18, 13:52:27 [32m    LOG[39m [38;5;3m[RouterExplorer] [39m[32mMapped {/users/link-wallet, POST} route[39m[38;5;3m +0ms[39m
[32m[Nest] 26780  - [39m2026-03-18, 13:52:27 [32m    LOG[39m [38;5;3m[RouterExplorer] [39m[32mMapped {/users/me, GET} route[39m[38;5;3m +1ms[39m
[32m[Nest] 26780  - [39m2026-03-18, 13:52:27 [32m    LOG[39m [38;5;3m[RouterExplorer] [39m[32mMapped {/users/studios, GET} route[39m[38;5;3m +0ms[39m
[32m[Nest] 26780  - [39m2026-03-18, 13:52:27 [32m    LOG[39m [38;5;3m[RouterExplorer] [39m[32mMapped {/users/member-session/:studioId, GET} route[39m[38;5;3m +1ms[39m
[32m[Nest] 26780  - [39m2026-03-18, 13:52:27 [32m    LOG[39m [38;5;3m[RoutesResolver] [39m[32mPlatformController {/platform}:[39m[38;5;3m +0ms[39m
[32m[Nest] 26780  - [39m2026-03-18, 13:52:27 [32m    LOG[39m [38;5;3m[RouterExplorer] [39m[32mMapped {/platform/games, POST} route[39m[38;5;3m +1ms[39m
[32m[Nest] 26780  - [39m2026-03-18, 13:52:27 [32m    LOG[39m [38;5;3m[RouterExplorer] [39m[32mMapped {/platform/games/:gameId/wallet, GET} route[39m[38;5;3m +0ms[39m
[32m[Nest] 26780  - [39m2026-03-18, 13:52:27 [32m    LOG[39m [38;5;3m[RouterExplorer] [39m[32mMapped {/platform/games/:gameId/wallet/ledger, GET} route[39m[38;5;3m +1ms[39m
[32m[Nest] 26780  - [39m2026-03-18, 13:52:27 [32m    LOG[39m [38;5;3m[RouterExplorer] [39m[32mMapped {/platform/games/:gameId, GET} route[39m[38;5;3m +0ms[39m
[32m[Nest] 26780  - [39m2026-03-18, 13:52:27 [32m    LOG[39m [38;5;3m[RouterExplorer] [39m[32mMapped {/platform/games, GET} route[39m[38;5;3m +0ms[39m
[32m[Nest] 26780  - [39m2026-03-18, 13:52:27 [32m    LOG[39m [38;5;3m[RouterExplorer] [39m[32mMapped {/platform/games/:gameId/wallet/deposit, POST} route[39m[38;5;3m +1ms[39m
[32m[Nest] 26780  - [39m2026-03-18, 13:52:27 [32m    LOG[39m [38;5;3m[RouterExplorer] [39m[32mMapped {/platform/games/:gameId/wallet/deposit-intent, POST} route[39m[38;5;3m +0ms[39m
[32m[Nest] 26780  - [39m2026-03-18, 13:52:27 [32m    LOG[39m [38;5;3m[RouterExplorer] [39m[32mMapped {/platform/games/:gameId/wallet/deposit-confirm, POST} route[39m[38;5;3m +0ms[39m
[32m[Nest] 26780  - [39m2026-03-18, 13:52:27 [32m    LOG[39m [38;5;3m[RouterExplorer] [39m[32mMapped {/platform/games/:gameId/wallet/withdraw, POST} route[39m[38;5;3m +1ms[39m
[32m[Nest] 26780  - [39m2026-03-18, 13:52:27 [32m    LOG[39m [38;5;3m[RouterExplorer] [39m[32mMapped {/platform/games/:gameId/wallet/transfer, POST} route[39m[38;5;3m +0ms[39m
[32m[Nest] 26780  - [39m2026-03-18, 13:52:27 [32m    LOG[39m [38;5;3m[RouterExplorer] [39m[32mMapped {/platform/games/:gameId/nft-templates, GET} route[39m[38;5;3m +0ms[39m
[32m[Nest] 26780  - [39m2026-03-18, 13:52:27 [32m    LOG[39m [38;5;3m[RouterExplorer] [39m[32mMapped {/platform/games/:gameId/nft-templates, POST} route[39m[38;5;3m +0ms[39m
[32m[Nest] 26780  - [39m2026-03-18, 13:52:27 [32m    LOG[39m [38;5;3m[RouterExplorer] [39m[32mMapped {/platform/games/:gameId/my-nfts, GET} route[39m[38;5;3m +1ms[39m
[32m[Nest] 26780  - [39m2026-03-18, 13:52:27 [32m    LOG[39m [38;5;3m[RouterExplorer] [39m[32mMapped {/platform/games/:gameId/nft-templates/:templateId/mint, POST} route[39m[38;5;3m +0ms[39m
[32m[Nest] 26780  - [39m2026-03-18, 13:52:27 [32m    LOG[39m [38;5;3m[RouterExplorer] [39m[32mMapped {/platform/games/:gameId/nfts/:nftId/update, POST} route[39m[38;5;3m +0ms[39m
[32m[Nest] 26780  - [39m2026-03-18, 13:52:27 [32m    LOG[39m [38;5;3m[RouterExplorer] [39m[32mMapped {/platform/personal-accounts, POST} route[39m[38;5;3m +1ms[39m
[32m[Nest] 26780  - [39m2026-03-18, 13:52:27 [32m    LOG[39m [38;5;3m[RouterExplorer] [39m[32mMapped {/platform/personal-accounts, GET} route[39m[38;5;3m +0ms[39m
[32m[Nest] 26780  - [39m2026-03-18, 13:52:27 [32m    LOG[39m [38;5;3m[RouterExplorer] [39m[32mMapped {/platform/personal-accounts/login, POST} route[39m[38;5;3m +0ms[39m
[32m[Nest] 26780  - [39m2026-03-18, 13:52:27 [32m    LOG[39m [38;5;3m[RouterExplorer] [39m[32mMapped {/platform/personal-accounts/:userId/permissions, POST} route[39m[38;5;3m +0ms[39m
[32m[Nest] 26780  - [39m2026-03-18, 13:52:27 [32m    LOG[39m [38;5;3m[RoutesResolver] [39m[32mApiPlatformController {/api/platform}:[39m[38;5;3m +1ms[39m
[32m[Nest] 26780  - [39m2026-03-18, 13:52:27 [32m    LOG[39m [38;5;3m[RouterExplorer] [39m[32mMapped {/api/platform/public-games, GET} route[39m[38;5;3m +0ms[39m
[32m[Nest] 26780  - [39m2026-03-18, 13:52:27 [32m    LOG[39m [38;5;3m[RoutesResolver] [39m[32mStudiosController {/studios}:[39m[38;5;3m +0ms[39m
[32m[Nest] 26780  - [39m2026-03-18, 13:52:27 [32m    LOG[39m [38;5;3m[RouterExplorer] [39m[32mMapped {/studios/:studioId/members, GET} route[39m[38;5;3m +1ms[39m
[32m[Nest] 26780  - [39m2026-03-18, 13:52:27 [32m    LOG[39m [38;5;3m[RouterExplorer] [39m[32mMapped {/studios/:studioId/members, POST} route[39m[38;5;3m +0ms[39m
[32m[Nest] 26780  - [39m2026-03-18, 13:52:27 [32m    LOG[39m [38;5;3m[RoutesResolver] [39m[32mWalletsController {/wallets}:[39m[38;5;3m +0ms[39m
[32m[Nest] 26780  - [39m2026-03-18, 13:52:27 [32m    LOG[39m [38;5;3m[RouterExplorer] [39m[32mMapped {/wallets/register, POST} route[39m[38;5;3m +1ms[39m
[32m[Nest] 26780  - [39m2026-03-18, 13:52:27 [32m    LOG[39m [38;5;3m[RouterExplorer] [39m[32mMapped {/wallets/balance, GET} route[39m[38;5;3m +0ms[39m
[32m[Nest] 26780  - [39m2026-03-18, 13:52:27 [32m    LOG[39m [38;5;3m[RouterExplorer] [39m[32mMapped {/wallets/assets, GET} route[39m[38;5;3m +0ms[39m
[32m[Nest] 26780  - [39m2026-03-18, 13:52:27 [32m    LOG[39m [38;5;3m[RouterExplorer] [39m[32mMapped {/wallets/assets/:id, GET} route[39m[38;5;3m +1ms[39m
[32m[Nest] 26780  - [39m2026-03-18, 13:52:27 [32m    LOG[39m [38;5;3m[RoutesResolver] [39m[32mTaxController {/tax}:[39m[38;5;3m +0ms[39m
[32m[Nest] 26780  - [39m2026-03-18, 13:52:27 [32m    LOG[39m [38;5;3m[RouterExplorer] [39m[32mMapped {/tax/summary, GET} route[39m[38;5;3m +0ms[39m
[32m[Nest] 26780  - [39m2026-03-18, 13:52:27 [32m    LOG[39m [38;5;3m[RouterExplorer] [39m[32mMapped {/tax/export, GET} route[39m[38;5;3m +1ms[39m
[32m[Nest] 26780  - [39m2026-03-18, 13:52:27 [32m    LOG[39m [38;5;3m[RoutesResolver] [39m[32mAdminController {/admin}:[39m[38;5;3m +0ms[39m
[32m[Nest] 26780  - [39m2026-03-18, 13:52:27 [32m    LOG[39m [38;5;3m[RouterExplorer] [39m[32mMapped {/admin/fees, GET} route[39m[38;5;3m +0ms[39m
[32m[Nest] 26780  - [39m2026-03-18, 13:52:27 [32m    LOG[39m [38;5;3m[RouterExplorer] [39m[32mMapped {/admin/revenue, GET} route[39m[38;5;3m +0ms[39m
[32m[Nest] 26780  - [39m2026-03-18, 13:52:27 [32m    LOG[39m [38;5;3m[RouterExplorer] [39m[32mMapped {/admin/users, GET} route[39m[38;5;3m +1ms[39m
[32m[Nest] 26780  - [39m2026-03-18, 13:52:27 [32m    LOG[39m [38;5;3m[RouterExplorer] [39m[32mMapped {/admin/studios, GET} route[39m[38;5;3m +0ms[39m
[32m[Nest] 26780  - [39m2026-03-18, 13:52:27 [32m    LOG[39m [38;5;3m[RouterExplorer] [39m[32mMapped {/admin/transactions, GET} route[39m[38;5;3m +0ms[39m
[32m[Nest] 26780  - [39m2026-03-18, 13:52:27 [32m    LOG[39m [38;5;3m[RouterExplorer] [39m[32mMapped {/admin/studios/:id/status, PATCH} route[39m[38;5;3m +0ms[39m
[32m[Nest] 26780  - [39m2026-03-18, 13:52:27 [32m    LOG[39m [38;5;3m[RouterExplorer] [39m[32mMapped {/admin/studios/:id, DELETE} route[39m[38;5;3m +1ms[39m
[32m[Nest] 26780  - [39m2026-03-18, 13:52:27 [32m    LOG[39m [38;5;3m[RouterExplorer] [39m[32mMapped {/admin/studios/:id/games, GET} route[39m[38;5;3m +0ms[39m
[32m[Nest] 26780  - [39m2026-03-18, 13:52:27 [32m    LOG[39m [38;5;3m[RouterExplorer] [39m[32mMapped {/admin/users/:id/admin, PATCH} route[39m[38;5;3m +0ms[39m
[32m[Nest] 26780  - [39m2026-03-18, 13:52:27 [32m    LOG[39m [38;5;3m[RouterExplorer] [39m[32mMapped {/admin/users/:id/suspended, PATCH} route[39m[38;5;3m +1ms[39m
[32m[Nest] 26780  - [39m2026-03-18, 13:52:27 [32m    LOG[39m [38;5;3m[RouterExplorer] [39m[32mMapped {/admin/users/:id, DELETE} route[39m[38;5;3m +0ms[39m
[32m[Nest] 26780  - [39m2026-03-18, 13:52:27 [32m    LOG[39m [38;5;3m[RouterExplorer] [39m[32mMapped {/admin/platform/fee, GET} route[39m[38;5;3m +0ms[39m
[32m[Nest] 26780  - [39m2026-03-18, 13:52:27 [32m    LOG[39m [38;5;3m[RouterExplorer] [39m[32mMapped {/admin/platform/fee, PATCH} route[39m[38;5;3m +1ms[39m
[32m[Nest] 26780  - [39m2026-03-18, 13:52:27 [32m    LOG[39m [38;5;3m[RouterExplorer] [39m[32mMapped {/admin/games, GET} route[39m[38;5;3m +0ms[39m
[32m[Nest] 26780  - [39m2026-03-18, 13:52:27 [32m    LOG[39m [38;5;3m[RouterExplorer] [39m[32mMapped {/admin/games/:id/status, PATCH} route[39m[38;5;3m +0ms[39m
[32m[Nest] 26780  - [39m2026-03-18, 13:52:27 [32m    LOG[39m [38;5;3m[RouterExplorer] [39m[32mMapped {/admin/audit-log, GET} route[39m[38;5;3m +1ms[39m
[32m[Nest] 26780  - [39m2026-03-18, 13:52:27 [32m    LOG[39m [38;5;3m[RoutesResolver] [39m[32mAdminDevController {/admin/dev}:[39m[38;5;3m +0ms[39m
[32m[Nest] 26780  - [39m2026-03-18, 13:52:27 [32m    LOG[39m [38;5;3m[RouterExplorer] [39m[32mMapped {/admin/dev/bootstrap, POST} route[39m[38;5;3m +0ms[39m
[32m[Nest] 26780  - [39m2026-03-18, 13:52:27 [32m    LOG[39m [38;5;3m[RoutesResolver] [39m[32mHealthController {/health}:[39m[38;5;3m +1ms[39m
[32m[Nest] 26780  - [39m2026-03-18, 13:52:27 [32m    LOG[39m [38;5;3m[RouterExplorer] [39m[32mMapped {/health, GET} route[39m[38;5;3m +0ms[39m
[32m[Nest] 26780  - [39m2026-03-18, 13:52:27 [32m    LOG[39m [38;5;3m[RoutesResolver] [39m[32mTokenShopShopController {/api/shop}:[39m[38;5;3m +0ms[39m
[32m[Nest] 26780  - [39m2026-03-18, 13:52:27 [32m    LOG[39m [38;5;3m[RouterExplorer] [39m[32mMapped {/api/shop/supported-assets, GET} route[39m[38;5;3m +0ms[39m
[32m[Nest] 26780  - [39m2026-03-18, 13:52:27 [32m    LOG[39m [38;5;3m[RouterExplorer] [39m[32mMapped {/api/shop/config, GET} route[39m[38;5;3m +1ms[39m
[32m[Nest] 26780  - [39m2026-03-18, 13:52:27 [32m    LOG[39m [38;5;3m[RouterExplorer] [39m[32mMapped {/api/shop/liquidity, GET} route[39m[38;5;3m +0ms[39m
[32m[Nest] 26780  - [39m2026-03-18, 13:52:27 [32m    LOG[39m [38;5;3m[RoutesResolver] [39m[32mTokenShopQuotesController {/api/quotes}:[39m[38;5;3m +0ms[39m
[32m[Nest] 26780  - [39m2026-03-18, 13:52:27 [32m    LOG[39m [38;5;3m[RouterExplorer] [39m[32mMapped {/api/quotes/buy-eth, GET} route[39m[38;5;3m +0ms[39m
[32m[Nest] 26780  - [39m2026-03-18, 13:52:27 [32m    LOG[39m [38;5;3m[RouterExplorer] [39m[32mMapped {/api/quotes/sell-eth, GET} route[39m[38;5;3m +0ms[39m
[32m[Nest] 26780  - [39m2026-03-18, 13:52:27 [32m    LOG[39m [38;5;3m[RouterExplorer] [39m[32mMapped {/api/quotes/buy-token, GET} route[39m[38;5;3m +1ms[39m
[32m[Nest] 26780  - [39m2026-03-18, 13:52:27 [32m    LOG[39m [38;5;3m[RouterExplorer] [39m[32mMapped {/api/quotes/sell-token, GET} route[39m[38;5;3m +0ms[39m
[32m[Nest] 26780  - [39m2026-03-18, 13:52:27 [32m    LOG[39m [38;5;3m[RoutesResolver] [39m[32mTokenShopAnalyticsController {/api/analytics}:[39m[38;5;3m +0ms[39m
[32m[Nest] 26780  - [39m2026-03-18, 13:52:27 [32m    LOG[39m [38;5;3m[RouterExplorer] [39m[32mMapped {/api/analytics/summary, GET} route[39m[38;5;3m +0ms[39m
[32m[Nest] 26780  - [39m2026-03-18, 13:52:27 [32m    LOG[39m [38;5;3m[RouterExplorer] [39m[32mMapped {/api/analytics/per-asset, GET} route[39m[38;5;3m +0ms[39m
[32m[Nest] 26780  - [39m2026-03-18, 13:52:27 [32m    LOG[39m [38;5;3m[RouterExplorer] [39m[32mMapped {/api/analytics/activity, GET} route[39m[38;5;3m +0ms[39m
[32m[Nest] 26780  - [39m2026-03-18, 13:52:27 [32m    LOG[39m [38;5;3m[RoutesResolver] [39m[32mTokenShopUserController {/api/user}:[39m[38;5;3m +1ms[39m
[32m[Nest] 26780  - [39m2026-03-18, 13:52:27 [32m    LOG[39m [38;5;3m[RouterExplorer] [39m[32mMapped {/api/user/:userAddress/balance, GET} route[39m[38;5;3m +0ms[39m
[32m[Nest] 26780  - [39m2026-03-18, 13:52:27 [32m    LOG[39m [38;5;3m[RouterExplorer] [39m[32mMapped {/api/user/:userAddress/history, GET} route[39m[38;5;3m +0ms[39m
[32m[Nest] 26780  - [39m2026-03-18, 13:52:27 [32m    LOG[39m [38;5;3m[RoutesResolver] [39m[32mTokenShopAdminController {/api/admin}:[39m[38;5;3m +0ms[39m
[32m[Nest] 26780  - [39m2026-03-18, 13:52:27 [32m    LOG[39m [38;5;3m[RouterExplorer] [39m[32mMapped {/api/admin/set-rates, POST} route[39m[38;5;3m +1ms[39m
[32m[Nest] 26780  - [39m2026-03-18, 13:52:27 [32m    LOG[39m [38;5;3m[RouterExplorer] [39m[32mMapped {/api/admin/set-fee, POST} route[39m[38;5;3m +0ms[39m
[32m[Nest] 26780  - [39m2026-03-18, 13:52:27 [32m    LOG[39m [38;5;3m[RouterExplorer] [39m[32mMapped {/api/admin/pause, POST} route[39m[38;5;3m +0ms[39m
[32m[Nest] 26780  - [39m2026-03-18, 13:52:27 [32m    LOG[39m [38;5;3m[RouterExplorer] [39m[32mMapped {/api/admin/unpause, POST} route[39m[38;5;3m +1ms[39m
[32m[Nest] 26780  - [39m2026-03-18, 13:52:27 [32m    LOG[39m [38;5;3m[RouterExplorer] [39m[32mMapped {/api/admin/set-limits, POST} route[39m[38;5;3m +0ms[39m
[32m[Nest] 26780  - [39m2026-03-18, 13:52:27 [32m    LOG[39m [38;5;3m[RouterExplorer] [39m[32mMapped {/api/admin/withdraw-eth, POST} route[39m[38;5;3m +0ms[39m
[32m[Nest] 26780  - [39m2026-03-18, 13:52:27 [32m    LOG[39m [38;5;3m[RouterExplorer] [39m[32mMapped {/api/admin/set-supported-token, POST} route[39m[38;5;3m +0ms[39m
[32m[Nest] 26780  - [39m2026-03-18, 13:52:27 [32m    LOG[39m [38;5;3m[RouterExplorer] [39m[32mMapped {/api/admin/set-asset-decimals, POST} route[39m[38;5;3m +0ms[39m
[32m[Nest] 26780  - [39m2026-03-18, 13:52:27 [32m    LOG[39m [38;5;3m[RoutesResolver] [39m[32mTokenShopSyncController {/api}:[39m[38;5;3m +1ms[39m
[32m[Nest] 26780  - [39m2026-03-18, 13:52:27 [32m    LOG[39m [38;5;3m[RouterExplorer] [39m[32mMapped {/api/sync, POST} route[39m[38;5;3m +0ms[39m
[32m[Nest] 26780  - [39m2026-03-18, 13:52:27 [32m    LOG[39m [38;5;3m[RoutesResolver] [39m[32mEconomicsController {/}:[39m[38;5;3m +0ms[39m
[32m[Nest] 26780  - [39m2026-03-18, 13:52:27 [32m    LOG[39m [38;5;3m[RouterExplorer] [39m[32mMapped {/api/player/nonce, GET} route[39m[38;5;3m +0ms[39m
[32m[Nest] 26780  - [39m2026-03-18, 13:52:27 [32m    LOG[39m [38;5;3m[RouterExplorer] [39m[32mMapped {/api/player/session, POST} route[39m[38;5;3m +0ms[39m
[32m[Nest] 26780  - [39m2026-03-18, 13:52:27 [32m    LOG[39m [38;5;3m[RouterExplorer] [39m[32mMapped {/api/player/game-economic-event, POST} route[39m[38;5;3m +1ms[39m
[32m[Nest] 26780  - [39m2026-03-18, 13:52:27 [32m    LOG[39m [38;5;3m[RouterExplorer] [39m[32mMapped {/economics/studio, GET} route[39m[38;5;3m +0ms[39m
[32m[Nest] 26780  - [39m2026-03-18, 13:52:27 [32m    LOG[39m [38;5;3m[RouterExplorer] [39m[32mMapped {/economics/game/:gameId, GET} route[39m[38;5;3m +0ms[39m
[33m[Nest] 26780  - [39m2026-03-18, 13:52:27 [33m   WARN[39m [38;5;3m[TokenShopListenerService] [39m[33mTOKENSHOP_ETH_USD is not set — USD-denominated tax events will have no priceUSD.[39m
[32m[Nest] 26780  - [39m2026-03-18, 13:52:27 [32m    LOG[39m [38;5;3m[TokenShopListenerService] [39m[32mNo WS_RPC_URL configured — using polling mode[39m
[32m[Nest] 26780  - [39m2026-03-18, 13:52:27 [32m    LOG[39m [38;5;3m[NestApplication] [39m[32mNest application successfully started[39m[38;5;3m +2ms[39m
[2J[3J[H[[90m14:06:16[0m] File change detected. Starting incremental compilation...

[[90m14:06:16[0m] Found 0 errors. Watching for file changes.

[2J[3J[H[[90m14:06:17[0m] File change detected. Starting incremental compilation...

[[90m14:06:17[0m] Found 0 errors. Watching for file changes.

[2J[3J[H[[90m14:06:19[0m] File change detected. Starting incremental compilation...

[[90m14:06:19[0m] Found 0 errors. Watching for file changes.

[32m[Nest] 38528  - [39m2026-03-18, 14:06:22 [32m    LOG[39m [38;5;3m[NestFactory] [39m[32mStarting Nest application...[39m
[32m[Nest] 38528  - [39m2026-03-18, 14:06:22 [32m    LOG[39m [38;5;3m[InstanceLoader] [39m[32mAppModule dependencies initialized[39m[38;5;3m +114ms[39m
[32m[Nest] 38528  - [39m2026-03-18, 14:06:22 [32m    LOG[39m [38;5;3m[InstanceLoader] [39m[32mTypeOrmModule dependencies initialized[39m[38;5;3m +1ms[39m
[32m[Nest] 38528  - [39m2026-03-18, 14:06:22 [32m    LOG[39m [38;5;3m[InstanceLoader] [39m[32mPassportModule dependencies initialized[39m[38;5;3m +0ms[39m
[32m[Nest] 38528  - [39m2026-03-18, 14:06:22 [32m    LOG[39m [38;5;3m[InstanceLoader] [39m[32mMarketplaceModule dependencies initialized[39m[38;5;3m +1ms[39m
[32m[Nest] 38528  - [39m2026-03-18, 14:06:22 [32m    LOG[39m [38;5;3m[InstanceLoader] [39m[32mPaymentsModule dependencies initialized[39m[38;5;3m +0ms[39m
[32m[Nest] 38528  - [39m2026-03-18, 14:06:22 [32m    LOG[39m [38;5;3m[InstanceLoader] [39m[32mAssetsModule dependencies initialized[39m[38;5;3m +0ms[39m
[32m[Nest] 38528  - [39m2026-03-18, 14:06:22 [32m    LOG[39m [38;5;3m[InstanceLoader] [39m[32mEventsModule dependencies initialized[39m[38;5;3m +1ms[39m
[32m[Nest] 38528  - [39m2026-03-18, 14:06:22 [32m    LOG[39m [38;5;3m[InstanceLoader] [39m[32mThrottlerModule dependencies initialized[39m[38;5;3m +0ms[39m
[32m[Nest] 38528  - [39m2026-03-18, 14:06:22 [32m    LOG[39m [38;5;3m[InstanceLoader] [39m[32mConfigHostModule dependencies initialized[39m[38;5;3m +2ms[39m
[32m[Nest] 38528  - [39m2026-03-18, 14:06:22 [32m    LOG[39m [38;5;3m[InstanceLoader] [39m[32mTerminusModule dependencies initialized[39m[38;5;3m +1ms[39m
[32m[Nest] 38528  - [39m2026-03-18, 14:06:22 [32m    LOG[39m [38;5;3m[InstanceLoader] [39m[32mConfigModule dependencies initialized[39m[38;5;3m +1ms[39m
[32m[Nest] 38528  - [39m2026-03-18, 14:06:22 [32m    LOG[39m [38;5;3m[InstanceLoader] [39m[32mConfigModule dependencies initialized[39m[38;5;3m +0ms[39m
[32m[Nest] 38528  - [39m2026-03-18, 14:06:22 [32m    LOG[39m [38;5;3m[InstanceLoader] [39m[32mHealthModule dependencies initialized[39m[38;5;3m +8ms[39m
[32m[Nest] 38528  - [39m2026-03-18, 14:06:22 [32m    LOG[39m [38;5;3m[InstanceLoader] [39m[32mJwtModule dependencies initialized[39m[38;5;3m +2ms[39m
[32m[Nest] 38528  - [39m2026-03-18, 14:06:23 [32m    LOG[39m [38;5;3m[InstanceLoader] [39m[32mTypeOrmCoreModule dependencies initialized[39m[38;5;3m +69ms[39m
[32m[Nest] 38528  - [39m2026-03-18, 14:06:23 [32m    LOG[39m [38;5;3m[InstanceLoader] [39m[32mTypeOrmModule dependencies initialized[39m[38;5;3m +0ms[39m
[32m[Nest] 38528  - [39m2026-03-18, 14:06:23 [32m    LOG[39m [38;5;3m[InstanceLoader] [39m[32mTypeOrmModule dependencies initialized[39m[38;5;3m +1ms[39m
[32m[Nest] 38528  - [39m2026-03-18, 14:06:23 [32m    LOG[39m [38;5;3m[InstanceLoader] [39m[32mTypeOrmModule dependencies initialized[39m[38;5;3m +0ms[39m
[32m[Nest] 38528  - [39m2026-03-18, 14:06:23 [32m    LOG[39m [38;5;3m[InstanceLoader] [39m[32mTypeOrmModule dependencies initialized[39m[38;5;3m +0ms[39m
[32m[Nest] 38528  - [39m2026-03-18, 14:06:23 [32m    LOG[39m [38;5;3m[InstanceLoader] [39m[32mTypeOrmModule dependencies initialized[39m[38;5;3m +1ms[39m
[32m[Nest] 38528  - [39m2026-03-18, 14:06:23 [32m    LOG[39m [38;5;3m[InstanceLoader] [39m[32mTypeOrmModule dependencies initialized[39m[38;5;3m +0ms[39m
[32m[Nest] 38528  - [39m2026-03-18, 14:06:23 [32m    LOG[39m [38;5;3m[InstanceLoader] [39m[32mTypeOrmModule dependencies initialized[39m[38;5;3m +0ms[39m
[32m[Nest] 38528  - [39m2026-03-18, 14:06:23 [32m    LOG[39m [38;5;3m[InstanceLoader] [39m[32mTypeOrmModule dependencies initialized[39m[38;5;3m +1ms[39m
[32m[Nest] 38528  - [39m2026-03-18, 14:06:23 [32m    LOG[39m [38;5;3m[InstanceLoader] [39m[32mTypeOrmModule dependencies initialized[39m[38;5;3m +0ms[39m
[32m[Nest] 38528  - [39m2026-03-18, 14:06:23 [32m    LOG[39m [38;5;3m[InstanceLoader] [39m[32mAuthModule dependencies initialized[39m[38;5;3m +3ms[39m
[32m[Nest] 38528  - [39m2026-03-18, 14:06:23 [32m    LOG[39m [38;5;3m[InstanceLoader] [39m[32mWalletsModule dependencies initialized[39m[38;5;3m +1ms[39m
[32m[Nest] 38528  - [39m2026-03-18, 14:06:23 [32m    LOG[39m [38;5;3m[InstanceLoader] [39m[32mTaxModule dependencies initialized[39m[38;5;3m +1ms[39m
[32m[Nest] 38528  - [39m2026-03-18, 14:06:23 [32m    LOG[39m [38;5;3m[InstanceLoader] [39m[32mTokenShopModule dependencies initialized[39m[38;5;3m +1ms[39m
[32m[Nest] 38528  - [39m2026-03-18, 14:06:23 [32m    LOG[39m [38;5;3m[InstanceLoader] [39m[32mPlatformModule dependencies initialized[39m[38;5;3m +1ms[39m
[32m[Nest] 38528  - [39m2026-03-18, 14:06:23 [32m    LOG[39m [38;5;3m[InstanceLoader] [39m[32mEconomicsModule dependencies initialized[39m[38;5;3m +0ms[39m
[32m[Nest] 38528  - [39m2026-03-18, 14:06:23 [32m    LOG[39m [38;5;3m[InstanceLoader] [39m[32mUsersModule dependencies initialized[39m[38;5;3m +0ms[39m
[32m[Nest] 38528  - [39m2026-03-18, 14:06:23 [32m    LOG[39m [38;5;3m[InstanceLoader] [39m[32mAdminModule dependencies initialized[39m[38;5;3m +1ms[39m
[32m[Nest] 38528  - [39m2026-03-18, 14:06:23 [32m    LOG[39m [38;5;3m[RoutesResolver] [39m[32mUsersController {/users}:[39m[38;5;3m +39ms[39m
[32m[Nest] 38528  - [39m2026-03-18, 14:06:23 [32m    LOG[39m [38;5;3m[RouterExplorer] [39m[32mMapped {/users/signup, POST} route[39m[38;5;3m +3ms[39m
[32m[Nest] 38528  - [39m2026-03-18, 14:06:23 [32m    LOG[39m [38;5;3m[RouterExplorer] [39m[32mMapped {/users/login, POST} route[39m[38;5;3m +1ms[39m
[32m[Nest] 38528  - [39m2026-03-18, 14:06:23 [32m    LOG[39m [38;5;3m[RouterExplorer] [39m[32mMapped {/users/link-wallet, POST} route[39m[38;5;3m +1ms[39m
[32m[Nest] 38528  - [39m2026-03-18, 14:06:23 [32m    LOG[39m [38;5;3m[RouterExplorer] [39m[32mMapped {/users/me, GET} route[39m[38;5;3m +0ms[39m
[32m[Nest] 38528  - [39m2026-03-18, 14:06:23 [32m    LOG[39m [38;5;3m[RouterExplorer] [39m[32mMapped {/users/studios, GET} route[39m[38;5;3m +1ms[39m
[32m[Nest] 38528  - [39m2026-03-18, 14:06:23 [32m    LOG[39m [38;5;3m[RouterExplorer] [39m[32mMapped {/users/member-session/:studioId, GET} route[39m[38;5;3m +1ms[39m
[32m[Nest] 38528  - [39m2026-03-18, 14:06:23 [32m    LOG[39m [38;5;3m[RoutesResolver] [39m[32mPlatformController {/platform}:[39m[38;5;3m +1ms[39m
[32m[Nest] 38528  - [39m2026-03-18, 14:06:23 [32m    LOG[39m [38;5;3m[RouterExplorer] [39m[32mMapped {/platform/games, POST} route[39m[38;5;3m +1ms[39m
[32m[Nest] 38528  - [39m2026-03-18, 14:06:23 [32m    LOG[39m [38;5;3m[RouterExplorer] [39m[32mMapped {/platform/games/:gameId/wallet, GET} route[39m[38;5;3m +0ms[39m
[32m[Nest] 38528  - [39m2026-03-18, 14:06:23 [32m    LOG[39m [38;5;3m[RouterExplorer] [39m[32mMapped {/platform/games/:gameId/wallet/ledger, GET} route[39m[38;5;3m +1ms[39m
[32m[Nest] 38528  - [39m2026-03-18, 14:06:23 [32m    LOG[39m [38;5;3m[RouterExplorer] [39m[32mMapped {/platform/games/:gameId, GET} route[39m[38;5;3m +1ms[39m
[32m[Nest] 38528  - [39m2026-03-18, 14:06:23 [32m    LOG[39m [38;5;3m[RouterExplorer] [39m[32mMapped {/platform/games, GET} route[39m[38;5;3m +0ms[39m
[32m[Nest] 38528  - [39m2026-03-18, 14:06:23 [32m    LOG[39m [38;5;3m[RouterExplorer] [39m[32mMapped {/platform/games/:gameId/wallet/deposit, POST} route[39m[38;5;3m +1ms[39m
[32m[Nest] 38528  - [39m2026-03-18, 14:06:23 [32m    LOG[39m [38;5;3m[RouterExplorer] [39m[32mMapped {/platform/games/:gameId/wallet/deposit-intent, POST} route[39m[38;5;3m +0ms[39m
[32m[Nest] 38528  - [39m2026-03-18, 14:06:23 [32m    LOG[39m [38;5;3m[RouterExplorer] [39m[32mMapped {/platform/games/:gameId/wallet/deposit-confirm, POST} route[39m[38;5;3m +1ms[39m
[32m[Nest] 38528  - [39m2026-03-18, 14:06:23 [32m    LOG[39m [38;5;3m[RouterExplorer] [39m[32mMapped {/platform/games/:gameId/wallet/withdraw, POST} route[39m[38;5;3m +0ms[39m
[32m[Nest] 38528  - [39m2026-03-18, 14:06:23 [32m    LOG[39m [38;5;3m[RouterExplorer] [39m[32mMapped {/platform/games/:gameId/wallet/transfer, POST} route[39m[38;5;3m +1ms[39m
[32m[Nest] 38528  - [39m2026-03-18, 14:06:23 [32m    LOG[39m [38;5;3m[RouterExplorer] [39m[32mMapped {/platform/games/:gameId/nft-templates, GET} route[39m[38;5;3m +1ms[39m
[32m[Nest] 38528  - [39m2026-03-18, 14:06:23 [32m    LOG[39m [38;5;3m[RouterExplorer] [39m[32mMapped {/platform/games/:gameId/nft-templates, POST} route[39m[38;5;3m +1ms[39m
[32m[Nest] 38528  - [39m2026-03-18, 14:06:23 [32m    LOG[39m [38;5;3m[RouterExplorer] [39m[32mMapped {/platform/games/:gameId/my-nfts, GET} route[39m[38;5;3m +0ms[39m
[32m[Nest] 38528  - [39m2026-03-18, 14:06:23 [32m    LOG[39m [38;5;3m[RouterExplorer] [39m[32mMapped {/platform/games/:gameId/nft-templates/:templateId/mint, POST} route[39m[38;5;3m +1ms[39m
[32m[Nest] 38528  - [39m2026-03-18, 14:06:23 [32m    LOG[39m [38;5;3m[RouterExplorer] [39m[32mMapped {/platform/games/:gameId/nfts/:nftId/update, POST} route[39m[38;5;3m +0ms[39m
[32m[Nest] 38528  - [39m2026-03-18, 14:06:23 [32m    LOG[39m [38;5;3m[RouterExplorer] [39m[32mMapped {/platform/personal-accounts, POST} route[39m[38;5;3m +1ms[39m
[32m[Nest] 38528  - [39m2026-03-18, 14:06:23 [32m    LOG[39m [38;5;3m[RouterExplorer] [39m[32mMapped {/platform/personal-accounts, GET} route[39m[38;5;3m +1ms[39m
[32m[Nest] 38528  - [39m2026-03-18, 14:06:23 [32m    LOG[39m [38;5;3m[RouterExplorer] [39m[32mMapped {/platform/personal-accounts/login, POST} route[39m[38;5;3m +0ms[39m
[32m[Nest] 38528  - [39m2026-03-18, 14:06:23 [32m    LOG[39m [38;5;3m[RouterExplorer] [39m[32mMapped {/platform/personal-accounts/:userId/permissions, POST} route[39m[38;5;3m +1ms[39m
[32m[Nest] 38528  - [39m2026-03-18, 14:06:23 [32m    LOG[39m [38;5;3m[RoutesResolver] [39m[32mApiPlatformController {/api/platform}:[39m[38;5;3m +0ms[39m
[32m[Nest] 38528  - [39m2026-03-18, 14:06:23 [32m    LOG[39m [38;5;3m[RouterExplorer] [39m[32mMapped {/api/platform/public-games, GET} route[39m[38;5;3m +0ms[39m
[32m[Nest] 38528  - [39m2026-03-18, 14:06:23 [32m    LOG[39m [38;5;3m[RoutesResolver] [39m[32mStudiosController {/studios}:[39m[38;5;3m +0ms[39m
[32m[Nest] 38528  - [39m2026-03-18, 14:06:23 [32m    LOG[39m [38;5;3m[RouterExplorer] [39m[32mMapped {/studios/:studioId/members, GET} route[39m[38;5;3m +1ms[39m
[32m[Nest] 38528  - [39m2026-03-18, 14:06:23 [32m    LOG[39m [38;5;3m[RouterExplorer] [39m[32mMapped {/studios/:studioId/members, POST} route[39m[38;5;3m +1ms[39m
[32m[Nest] 38528  - [39m2026-03-18, 14:06:23 [32m    LOG[39m [38;5;3m[RoutesResolver] [39m[32mWalletsController {/wallets}:[39m[38;5;3m +0ms[39m
[32m[Nest] 38528  - [39m2026-03-18, 14:06:23 [32m    LOG[39m [38;5;3m[RouterExplorer] [39m[32mMapped {/wallets/register, POST} route[39m[38;5;3m +1ms[39m
[32m[Nest] 38528  - [39m2026-03-18, 14:06:23 [32m    LOG[39m [38;5;3m[RouterExplorer] [39m[32mMapped {/wallets/balance, GET} route[39m[38;5;3m +0ms[39m
[32m[Nest] 38528  - [39m2026-03-18, 14:06:23 [32m    LOG[39m [38;5;3m[RouterExplorer] [39m[32mMapped {/wallets/assets, GET} route[39m[38;5;3m +0ms[39m
[32m[Nest] 38528  - [39m2026-03-18, 14:06:23 [32m    LOG[39m [38;5;3m[RouterExplorer] [39m[32mMapped {/wallets/assets/:id, GET} route[39m[38;5;3m +1ms[39m
[32m[Nest] 38528  - [39m2026-03-18, 14:06:23 [32m    LOG[39m [38;5;3m[RoutesResolver] [39m[32mTaxController {/tax}:[39m[38;5;3m +0ms[39m
[32m[Nest] 38528  - [39m2026-03-18, 14:06:23 [32m    LOG[39m [38;5;3m[RouterExplorer] [39m[32mMapped {/tax/summary, GET} route[39m[38;5;3m +1ms[39m
[32m[Nest] 38528  - [39m2026-03-18, 14:06:23 [32m    LOG[39m [38;5;3m[RouterExplorer] [39m[32mMapped {/tax/export, GET} route[39m[38;5;3m +1ms[39m
[32m[Nest] 38528  - [39m2026-03-18, 14:06:23 [32m    LOG[39m [38;5;3m[RoutesResolver] [39m[32mAdminController {/admin}:[39m[38;5;3m +0ms[39m
[32m[Nest] 38528  - [39m2026-03-18, 14:06:23 [32m    LOG[39m [38;5;3m[RouterExplorer] [39m[32mMapped {/admin/fees, GET} route[39m[38;5;3m +0ms[39m
[32m[Nest] 38528  - [39m2026-03-18, 14:06:23 [32m    LOG[39m [38;5;3m[RouterExplorer] [39m[32mMapped {/admin/revenue, GET} route[39m[38;5;3m +1ms[39m
[32m[Nest] 38528  - [39m2026-03-18, 14:06:23 [32m    LOG[39m [38;5;3m[RouterExplorer] [39m[32mMapped {/admin/users, GET} route[39m[38;5;3m +0ms[39m
[32m[Nest] 38528  - [39m2026-03-18, 14:06:23 [32m    LOG[39m [38;5;3m[RouterExplorer] [39m[32mMapped {/admin/studios, GET} route[39m[38;5;3m +1ms[39m
[32m[Nest] 38528  - [39m2026-03-18, 14:06:23 [32m    LOG[39m [38;5;3m[RouterExplorer] [39m[32mMapped {/admin/transactions, GET} route[39m[38;5;3m +1ms[39m
[32m[Nest] 38528  - [39m2026-03-18, 14:06:23 [32m    LOG[39m [38;5;3m[RouterExplorer] [39m[32mMapped {/admin/studios/:id/status, PATCH} route[39m[38;5;3m +0ms[39m
[32m[Nest] 38528  - [39m2026-03-18, 14:06:23 [32m    LOG[39m [38;5;3m[RouterExplorer] [39m[32mMapped {/admin/studios/:id, DELETE} route[39m[38;5;3m +1ms[39m
[32m[Nest] 38528  - [39m2026-03-18, 14:06:23 [32m    LOG[39m [38;5;3m[RouterExplorer] [39m[32mMapped {/admin/studios/:id/games, GET} route[39m[38;5;3m +0ms[39m
[32m[Nest] 38528  - [39m2026-03-18, 14:06:23 [32m    LOG[39m [38;5;3m[RouterExplorer] [39m[32mMapped {/admin/users/:id/admin, PATCH} route[39m[38;5;3m +1ms[39m
[32m[Nest] 38528  - [39m2026-03-18, 14:06:23 [32m    LOG[39m [38;5;3m[RouterExplorer] [39m[32mMapped {/admin/users/:id/suspended, PATCH} route[39m[38;5;3m +0ms[39m
[32m[Nest] 38528  - [39m2026-03-18, 14:06:23 [32m    LOG[39m [38;5;3m[RouterExplorer] [39m[32mMapped {/admin/users/:id, DELETE} route[39m[38;5;3m +1ms[39m
[32m[Nest] 38528  - [39m2026-03-18, 14:06:23 [32m    LOG[39m [38;5;3m[RouterExplorer] [39m[32mMapped {/admin/platform/fee, GET} route[39m[38;5;3m +1ms[39m
[32m[Nest] 38528  - [39m2026-03-18, 14:06:23 [32m    LOG[39m [38;5;3m[RouterExplorer] [39m[32mMapped {/admin/platform/fee, PATCH} route[39m[38;5;3m +0ms[39m
[32m[Nest] 38528  - [39m2026-03-18, 14:06:23 [32m    LOG[39m [38;5;3m[RouterExplorer] [39m[32mMapped {/admin/games, GET} route[39m[38;5;3m +0ms[39m
[32m[Nest] 38528  - [39m2026-03-18, 14:06:23 [32m    LOG[39m [38;5;3m[RouterExplorer] [39m[32mMapped {/admin/games/:id/status, PATCH} route[39m[38;5;3m +1ms[39m
[32m[Nest] 38528  - [39m2026-03-18, 14:06:23 [32m    LOG[39m [38;5;3m[RouterExplorer] [39m[32mMapped {/admin/audit-log, GET} route[39m[38;5;3m +0ms[39m
[32m[Nest] 38528  - [39m2026-03-18, 14:06:23 [32m    LOG[39m [38;5;3m[RoutesResolver] [39m[32mAdminDevController {/admin/dev}:[39m[38;5;3m +0ms[39m
[32m[Nest] 38528  - [39m2026-03-18, 14:06:23 [32m    LOG[39m [38;5;3m[RouterExplorer] [39m[32mMapped {/admin/dev/bootstrap, POST} route[39m[38;5;3m +1ms[39m
[32m[Nest] 38528  - [39m2026-03-18, 14:06:23 [32m    LOG[39m [38;5;3m[RoutesResolver] [39m[32mHealthController {/health}:[39m[38;5;3m +0ms[39m
[32m[Nest] 38528  - [39m2026-03-18, 14:06:23 [32m    LOG[39m [38;5;3m[RouterExplorer] [39m[32mMapped {/health, GET} route[39m[38;5;3m +1ms[39m
[32m[Nest] 38528  - [39m2026-03-18, 14:06:23 [32m    LOG[39m [38;5;3m[RoutesResolver] [39m[32mTokenShopShopController {/api/shop}:[39m[38;5;3m +0ms[39m
[32m[Nest] 38528  - [39m2026-03-18, 14:06:23 [32m    LOG[39m [38;5;3m[RouterExplorer] [39m[32mMapped {/api/shop/supported-assets, GET} route[39m[38;5;3m +0ms[39m
[32m[Nest] 38528  - [39m2026-03-18, 14:06:23 [32m    LOG[39m [38;5;3m[RouterExplorer] [39m[32mMapped {/api/shop/config, GET} route[39m[38;5;3m +1ms[39m
[32m[Nest] 38528  - [39m2026-03-18, 14:06:23 [32m    LOG[39m [38;5;3m[RouterExplorer] [39m[32mMapped {/api/shop/liquidity, GET} route[39m[38;5;3m +0ms[39m
[32m[Nest] 38528  - [39m2026-03-18, 14:06:23 [32m    LOG[39m [38;5;3m[RoutesResolver] [39m[32mTokenShopQuotesController {/api/quotes}:[39m[38;5;3m +0ms[39m
[32m[Nest] 38528  - [39m2026-03-18, 14:06:23 [32m    LOG[39m [38;5;3m[RouterExplorer] [39m[32mMapped {/api/quotes/buy-eth, GET} route[39m[38;5;3m +1ms[39m
[32m[Nest] 38528  - [39m2026-03-18, 14:06:23 [32m    LOG[39m [38;5;3m[RouterExplorer] [39m[32mMapped {/api/quotes/sell-eth, GET} route[39m[38;5;3m +0ms[39m
[32m[Nest] 38528  - [39m2026-03-18, 14:06:23 [32m    LOG[39m [38;5;3m[RouterExplorer] [39m[32mMapped {/api/quotes/buy-token, GET} route[39m[38;5;3m +1ms[39m
[32m[Nest] 38528  - [39m2026-03-18, 14:06:23 [32m    LOG[39m [38;5;3m[RouterExplorer] [39m[32mMapped {/api/quotes/sell-token, GET} route[39m[38;5;3m +0ms[39m
[32m[Nest] 38528  - [39m2026-03-18, 14:06:23 [32m    LOG[39m [38;5;3m[RoutesResolver] [39m[32mTokenShopAnalyticsController {/api/analytics}:[39m[38;5;3m +1ms[39m
[32m[Nest] 38528  - [39m2026-03-18, 14:06:23 [32m    LOG[39m [38;5;3m[RouterExplorer] [39m[32mMapped {/api/analytics/summary, GET} route[39m[38;5;3m +0ms[39m
[32m[Nest] 38528  - [39m2026-03-18, 14:06:23 [32m    LOG[39m [38;5;3m[RouterExplorer] [39m[32mMapped {/api/analytics/per-asset, GET} route[39m[38;5;3m +0ms[39m
[32m[Nest] 38528  - [39m2026-03-18, 14:06:23 [32m    LOG[39m [38;5;3m[RouterExplorer] [39m[32mMapped {/api/analytics/activity, GET} route[39m[38;5;3m +1ms[39m
[32m[Nest] 38528  - [39m2026-03-18, 14:06:23 [32m    LOG[39m [38;5;3m[RoutesResolver] [39m[32mTokenShopUserController {/api/user}:[39m[38;5;3m +0ms[39m
[32m[Nest] 38528  - [39m2026-03-18, 14:06:23 [32m    LOG[39m [38;5;3m[RouterExplorer] [39m[32mMapped {/api/user/:userAddress/balance, GET} route[39m[38;5;3m +0ms[39m
[32m[Nest] 38528  - [39m2026-03-18, 14:06:23 [32m    LOG[39m [38;5;3m[RouterExplorer] [39m[32mMapped {/api/user/:userAddress/history, GET} route[39m[38;5;3m +1ms[39m
[32m[Nest] 38528  - [39m2026-03-18, 14:06:23 [32m    LOG[39m [38;5;3m[RoutesResolver] [39m[32mTokenShopAdminController {/api/admin}:[39m[38;5;3m +0ms[39m
[32m[Nest] 38528  - [39m2026-03-18, 14:06:23 [32m    LOG[39m [38;5;3m[RouterExplorer] [39m[32mMapped {/api/admin/set-rates, POST} route[39m[38;5;3m +1ms[39m
[32m[Nest] 38528  - [39m2026-03-18, 14:06:23 [32m    LOG[39m [38;5;3m[RouterExplorer] [39m[32mMapped {/api/admin/set-fee, POST} route[39m[38;5;3m +0ms[39m
[32m[Nest] 38528  - [39m2026-03-18, 14:06:23 [32m    LOG[39m [38;5;3m[RouterExplorer] [39m[32mMapped {/api/admin/pause, POST} route[39m[38;5;3m +1ms[39m
[32m[Nest] 38528  - [39m2026-03-18, 14:06:23 [32m    LOG[39m [38;5;3m[RouterExplorer] [39m[32mMapped {/api/admin/unpause, POST} route[39m[38;5;3m +0ms[39m
[32m[Nest] 38528  - [39m2026-03-18, 14:06:23 [32m    LOG[39m [38;5;3m[RouterExplorer] [39m[32mMapped {/api/admin/set-limits, POST} route[39m[38;5;3m +1ms[39m
[32m[Nest] 38528  - [39m2026-03-18, 14:06:23 [32m    LOG[39m [38;5;3m[RouterExplorer] [39m[32mMapped {/api/admin/withdraw-eth, POST} route[39m[38;5;3m +0ms[39m
[32m[Nest] 38528  - [39m2026-03-18, 14:06:23 [32m    LOG[39m [38;5;3m[RouterExplorer] [39m[32mMapped {/api/admin/set-supported-token, POST} route[39m[38;5;3m +1ms[39m
[32m[Nest] 38528  - [39m2026-03-18, 14:06:23 [32m    LOG[39m [38;5;3m[RouterExplorer] [39m[32mMapped {/api/admin/set-asset-decimals, POST} route[39m[38;5;3m +0ms[39m
[32m[Nest] 38528  - [39m2026-03-18, 14:06:23 [32m    LOG[39m [38;5;3m[RoutesResolver] [39m[32mTokenShopSyncController {/api}:[39m[38;5;3m +0ms[39m
[32m[Nest] 38528  - [39m2026-03-18, 14:06:23 [32m    LOG[39m [38;5;3m[RouterExplorer] [39m[32mMapped {/api/sync, POST} route[39m[38;5;3m +1ms[39m
[32m[Nest] 38528  - [39m2026-03-18, 14:06:23 [32m    LOG[39m [38;5;3m[RoutesResolver] [39m[32mEconomicsController {/}:[39m[38;5;3m +0ms[39m
[32m[Nest] 38528  - [39m2026-03-18, 14:06:23 [32m    LOG[39m [38;5;3m[RouterExplorer] [39m[32mMapped {/api/player/nonce, GET} route[39m[38;5;3m +0ms[39m
[32m[Nest] 38528  - [39m2026-03-18, 14:06:23 [32m    LOG[39m [38;5;3m[RouterExplorer] [39m[32mMapped {/api/player/session, POST} route[39m[38;5;3m +0ms[39m
[32m[Nest] 38528  - [39m2026-03-18, 14:06:23 [32m    LOG[39m [38;5;3m[RouterExplorer] [39m[32mMapped {/api/player/game-economic-event, POST} route[39m[38;5;3m +1ms[39m
[32m[Nest] 38528  - [39m2026-03-18, 14:06:23 [32m    LOG[39m [38;5;3m[RouterExplorer] [39m[32mMapped {/economics/studio, GET} route[39m[38;5;3m +0ms[39m
[32m[Nest] 38528  - [39m2026-03-18, 14:06:23 [32m    LOG[39m [38;5;3m[RouterExplorer] [39m[32mMapped {/economics/game/:gameId, GET} route[39m[38;5;3m +0ms[39m
[33m[Nest] 38528  - [39m2026-03-18, 14:06:23 [33m   WARN[39m [38;5;3m[TokenShopListenerService] [39m[33mTOKENSHOP_ETH_USD is not set — USD-denominated tax events will have no priceUSD.[39m
[32m[Nest] 38528  - [39m2026-03-18, 14:06:23 [32m    LOG[39m [38;5;3m[TokenShopListenerService] [39m[32mNo WS_RPC_URL configured — using polling mode[39m
[32m[Nest] 38528  - [39m2026-03-18, 14:06:23 [32m    LOG[39m [38;5;3m[NestApplication] [39m[32mNest application successfully started[39m[38;5;3m +1ms[39m
[2J[3J[H[[90m14:07:26[0m] File change detected. Starting incremental compilation...

[[90m14:07:29[0m] Found 0 errors. Watching for file changes.

[32m[Nest] 19576  - [39m2026-03-18, 14:07:30 [32m    LOG[39m [38;5;3m[NestFactory] [39m[32mStarting Nest application...[39m
[32m[Nest] 19576  - [39m2026-03-18, 14:07:30 [32m    LOG[39m [38;5;3m[InstanceLoader] [39m[32mAppModule dependencies initialized[39m[38;5;3m +72ms[39m
[32m[Nest] 19576  - [39m2026-03-18, 14:07:30 [32m    LOG[39m [38;5;3m[InstanceLoader] [39m[32mTypeOrmModule dependencies initialized[39m[38;5;3m +1ms[39m
[32m[Nest] 19576  - [39m2026-03-18, 14:07:30 [32m    LOG[39m [38;5;3m[InstanceLoader] [39m[32mPassportModule dependencies initialized[39m[38;5;3m +2ms[39m
[32m[Nest] 19576  - [39m2026-03-18, 14:07:30 [32m    LOG[39m [38;5;3m[InstanceLoader] [39m[32mMarketplaceModule dependencies initialized[39m[38;5;3m +0ms[39m
[32m[Nest] 19576  - [39m2026-03-18, 14:07:30 [32m    LOG[39m [38;5;3m[InstanceLoader] [39m[32mPaymentsModule dependencies initialized[39m[38;5;3m +0ms[39m
[32m[Nest] 19576  - [39m2026-03-18, 14:07:30 [32m    LOG[39m [38;5;3m[InstanceLoader] [39m[32mAssetsModule dependencies initialized[39m[38;5;3m +1ms[39m
[32m[Nest] 19576  - [39m2026-03-18, 14:07:30 [32m    LOG[39m [38;5;3m[InstanceLoader] [39m[32mEventsModule dependencies initialized[39m[38;5;3m +0ms[39m
[32m[Nest] 19576  - [39m2026-03-18, 14:07:30 [32m    LOG[39m [38;5;3m[InstanceLoader] [39m[32mThrottlerModule dependencies initialized[39m[38;5;3m +1ms[39m
[32m[Nest] 19576  - [39m2026-03-18, 14:07:30 [32m    LOG[39m [38;5;3m[InstanceLoader] [39m[32mConfigHostModule dependencies initialized[39m[38;5;3m +1ms[39m
[32m[Nest] 19576  - [39m2026-03-18, 14:07:30 [32m    LOG[39m [38;5;3m[InstanceLoader] [39m[32mTerminusModule dependencies initialized[39m[38;5;3m +0ms[39m
[32m[Nest] 19576  - [39m2026-03-18, 14:07:30 [32m    LOG[39m [38;5;3m[InstanceLoader] [39m[32mConfigModule dependencies initialized[39m[38;5;3m +1ms[39m
[32m[Nest] 19576  - [39m2026-03-18, 14:07:30 [32m    LOG[39m [38;5;3m[InstanceLoader] [39m[32mConfigModule dependencies initialized[39m[38;5;3m +0ms[39m
[32m[Nest] 19576  - [39m2026-03-18, 14:07:30 [32m    LOG[39m [38;5;3m[InstanceLoader] [39m[32mHealthModule dependencies initialized[39m[38;5;3m +5ms[39m
[32m[Nest] 19576  - [39m2026-03-18, 14:07:30 [32m    LOG[39m [38;5;3m[InstanceLoader] [39m[32mJwtModule dependencies initialized[39m[38;5;3m +1ms[39m
[32m[Nest] 19576  - [39m2026-03-18, 14:07:30 [32m    LOG[39m [38;5;3m[InstanceLoader] [39m[32mTypeOrmCoreModule dependencies initialized[39m[38;5;3m +63ms[39m
[32m[Nest] 19576  - [39m2026-03-18, 14:07:30 [32m    LOG[39m [38;5;3m[InstanceLoader] [39m[32mTypeOrmModule dependencies initialized[39m[38;5;3m +0ms[39m
[32m[Nest] 19576  - [39m2026-03-18, 14:07:30 [32m    LOG[39m [38;5;3m[InstanceLoader] [39m[32mTypeOrmModule dependencies initialized[39m[38;5;3m +0ms[39m
[32m[Nest] 19576  - [39m2026-03-18, 14:07:30 [32m    LOG[39m [38;5;3m[InstanceLoader] [39m[32mTypeOrmModule dependencies initialized[39m[38;5;3m +1ms[39m
[32m[Nest] 19576  - [39m2026-03-18, 14:07:30 [32m    LOG[39m [38;5;3m[InstanceLoader] [39m[32mTypeOrmModule dependencies initialized[39m[38;5;3m +0ms[39m
[32m[Nest] 19576  - [39m2026-03-18, 14:07:30 [32m    LOG[39m [38;5;3m[InstanceLoader] [39m[32mTypeOrmModule dependencies initialized[39m[38;5;3m +0ms[39m
[32m[Nest] 19576  - [39m2026-03-18, 14:07:30 [32m    LOG[39m [38;5;3m[InstanceLoader] [39m[32mTypeOrmModule dependencies initialized[39m[38;5;3m +0ms[39m
[32m[Nest] 19576  - [39m2026-03-18, 14:07:30 [32m    LOG[39m [38;5;3m[InstanceLoader] [39m[32mTypeOrmModule dependencies initialized[39m[38;5;3m +0ms[39m
[32m[Nest] 19576  - [39m2026-03-18, 14:07:30 [32m    LOG[39m [38;5;3m[InstanceLoader] [39m[32mTypeOrmModule dependencies initialized[39m[38;5;3m +0ms[39m
[32m[Nest] 19576  - [39m2026-03-18, 14:07:30 [32m    LOG[39m [38;5;3m[InstanceLoader] [39m[32mTypeOrmModule dependencies initialized[39m[38;5;3m +0ms[39m
[32m[Nest] 19576  - [39m2026-03-18, 14:07:30 [32m    LOG[39m [38;5;3m[InstanceLoader] [39m[32mAuthModule dependencies initialized[39m[38;5;3m +4ms[39m
[32m[Nest] 19576  - [39m2026-03-18, 14:07:30 [32m    LOG[39m [38;5;3m[InstanceLoader] [39m[32mWalletsModule dependencies initialized[39m[38;5;3m +0ms[39m
[32m[Nest] 19576  - [39m2026-03-18, 14:07:30 [32m    LOG[39m [38;5;3m[InstanceLoader] [39m[32mTaxModule dependencies initialized[39m[38;5;3m +2ms[39m
[32m[Nest] 19576  - [39m2026-03-18, 14:07:30 [32m    LOG[39m [38;5;3m[InstanceLoader] [39m[32mTokenShopModule dependencies initialized[39m[38;5;3m +0ms[39m
[32m[Nest] 19576  - [39m2026-03-18, 14:07:30 [32m    LOG[39m [38;5;3m[InstanceLoader] [39m[32mPlatformModule dependencies initialized[39m[38;5;3m +1ms[39m
[32m[Nest] 19576  - [39m2026-03-18, 14:07:30 [32m    LOG[39m [38;5;3m[InstanceLoader] [39m[32mEconomicsModule dependencies initialized[39m[38;5;3m +0ms[39m
[32m[Nest] 19576  - [39m2026-03-18, 14:07:30 [32m    LOG[39m [38;5;3m[InstanceLoader] [39m[32mUsersModule dependencies initialized[39m[38;5;3m +0ms[39m
[32m[Nest] 19576  - [39m2026-03-18, 14:07:30 [32m    LOG[39m [38;5;3m[InstanceLoader] [39m[32mAdminModule dependencies initialized[39m[38;5;3m +0ms[39m
[32m[Nest] 19576  - [39m2026-03-18, 14:07:30 [32m    LOG[39m [38;5;3m[RoutesResolver] [39m[32mUsersController {/users}:[39m[38;5;3m +38ms[39m
[32m[Nest] 19576  - [39m2026-03-18, 14:07:30 [32m    LOG[39m [38;5;3m[RouterExplorer] [39m[32mMapped {/users/signup, POST} route[39m[38;5;3m +2ms[39m
[32m[Nest] 19576  - [39m2026-03-18, 14:07:30 [32m    LOG[39m [38;5;3m[RouterExplorer] [39m[32mMapped {/users/login, POST} route[39m[38;5;3m +1ms[39m
[32m[Nest] 19576  - [39m2026-03-18, 14:07:30 [32m    LOG[39m [38;5;3m[RouterExplorer] [39m[32mMapped {/users/link-wallet, POST} route[39m[38;5;3m +1ms[39m
[32m[Nest] 19576  - [39m2026-03-18, 14:07:30 [32m    LOG[39m [38;5;3m[RouterExplorer] [39m[32mMapped {/users/me, GET} route[39m[38;5;3m +0ms[39m
[32m[Nest] 19576  - [39m2026-03-18, 14:07:30 [32m    LOG[39m [38;5;3m[RouterExplorer] [39m[32mMapped {/users/studios, GET} route[39m[38;5;3m +1ms[39m
[32m[Nest] 19576  - [39m2026-03-18, 14:07:30 [32m    LOG[39m [38;5;3m[RouterExplorer] [39m[32mMapped {/users/member-session/:studioId, GET} route[39m[38;5;3m +1ms[39m
[32m[Nest] 19576  - [39m2026-03-18, 14:07:30 [32m    LOG[39m [38;5;3m[RoutesResolver] [39m[32mPlatformController {/platform}:[39m[38;5;3m +0ms[39m
[32m[Nest] 19576  - [39m2026-03-18, 14:07:30 [32m    LOG[39m [38;5;3m[RouterExplorer] [39m[32mMapped {/platform/games, POST} route[39m[38;5;3m +0ms[39m
[32m[Nest] 19576  - [39m2026-03-18, 14:07:30 [32m    LOG[39m [38;5;3m[RouterExplorer] [39m[32mMapped {/platform/games/:gameId/wallet, GET} route[39m[38;5;3m +1ms[39m
[32m[Nest] 19576  - [39m2026-03-18, 14:07:30 [32m    LOG[39m [38;5;3m[RouterExplorer] [39m[32mMapped {/platform/games/:gameId/wallet/ledger, GET} route[39m[38;5;3m +0ms[39m
[32m[Nest] 19576  - [39m2026-03-18, 14:07:30 [32m    LOG[39m [38;5;3m[RouterExplorer] [39m[32mMapped {/platform/games/:gameId, GET} route[39m[38;5;3m +1ms[39m
[32m[Nest] 19576  - [39m2026-03-18, 14:07:30 [32m    LOG[39m [38;5;3m[RouterExplorer] [39m[32mMapped {/platform/games, GET} route[39m[38;5;3m +0ms[39m
[32m[Nest] 19576  - [39m2026-03-18, 14:07:30 [32m    LOG[39m [38;5;3m[RouterExplorer] [39m[32mMapped {/platform/games/:gameId/wallet/deposit, POST} route[39m[38;5;3m +0ms[39m
[32m[Nest] 19576  - [39m2026-03-18, 14:07:30 [32m    LOG[39m [38;5;3m[RouterExplorer] [39m[32mMapped {/platform/games/:gameId/wallet/deposit-intent, POST} route[39m[38;5;3m +1ms[39m
[32m[Nest] 19576  - [39m2026-03-18, 14:07:30 [32m    LOG[39m [38;5;3m[RouterExplorer] [39m[32mMapped {/platform/games/:gameId/wallet/deposit-confirm, POST} route[39m[38;5;3m +0ms[39m
[32m[Nest] 19576  - [39m2026-03-18, 14:07:30 [32m    LOG[39m [38;5;3m[RouterExplorer] [39m[32mMapped {/platform/games/:gameId/wallet/withdraw, POST} route[39m[38;5;3m +1ms[39m
[32m[Nest] 19576  - [39m2026-03-18, 14:07:30 [32m    LOG[39m [38;5;3m[RouterExplorer] [39m[32mMapped {/platform/games/:gameId/wallet/transfer, POST} route[39m[38;5;3m +0ms[39m
[32m[Nest] 19576  - [39m2026-03-18, 14:07:31 [32m    LOG[39m [38;5;3m[RouterExplorer] [39m[32mMapped {/platform/games/:gameId/nft-templates, GET} route[39m[38;5;3m +1ms[39m
[32m[Nest] 19576  - [39m2026-03-18, 14:07:31 [32m    LOG[39m [38;5;3m[RouterExplorer] [39m[32mMapped {/platform/games/:gameId/nft-templates, POST} route[39m[38;5;3m +0ms[39m
[32m[Nest] 19576  - [39m2026-03-18, 14:07:31 [32m    LOG[39m [38;5;3m[RouterExplorer] [39m[32mMapped {/platform/games/:gameId/my-nfts, GET} route[39m[38;5;3m +0ms[39m
[32m[Nest] 19576  - [39m2026-03-18, 14:07:31 [32m    LOG[39m [38;5;3m[RouterExplorer] [39m[32mMapped {/platform/games/:gameId/nft-templates/:templateId/mint, POST} route[39m[38;5;3m +1ms[39m
[32m[Nest] 19576  - [39m2026-03-18, 14:07:31 [32m    LOG[39m [38;5;3m[RouterExplorer] [39m[32mMapped {/platform/games/:gameId/nfts/:nftId/update, POST} route[39m[38;5;3m +0ms[39m
[32m[Nest] 19576  - [39m2026-03-18, 14:07:31 [32m    LOG[39m [38;5;3m[RouterExplorer] [39m[32mMapped {/platform/personal-accounts, POST} route[39m[38;5;3m +1ms[39m
[32m[Nest] 19576  - [39m2026-03-18, 14:07:31 [32m    LOG[39m [38;5;3m[RouterExplorer] [39m[32mMapped {/platform/personal-accounts, GET} route[39m[38;5;3m +0ms[39m
[32m[Nest] 19576  - [39m2026-03-18, 14:07:31 [32m    LOG[39m [38;5;3m[RouterExplorer] [39m[32mMapped {/platform/personal-accounts/login, POST} route[39m[38;5;3m +0ms[39m
[32m[Nest] 19576  - [39m2026-03-18, 14:07:31 [32m    LOG[39m [38;5;3m[RouterExplorer] [39m[32mMapped {/platform/personal-accounts/:userId/permissions, POST} route[39m[38;5;3m +1ms[39m
[32m[Nest] 19576  - [39m2026-03-18, 14:07:31 [32m    LOG[39m [38;5;3m[RoutesResolver] [39m[32mApiPlatformController {/api/platform}:[39m[38;5;3m +0ms[39m
[32m[Nest] 19576  - [39m2026-03-18, 14:07:31 [32m    LOG[39m [38;5;3m[RouterExplorer] [39m[32mMapped {/api/platform/public-games, GET} route[39m[38;5;3m +1ms[39m
[32m[Nest] 19576  - [39m2026-03-18, 14:07:31 [32m    LOG[39m [38;5;3m[RoutesResolver] [39m[32mStudiosController {/studios}:[39m[38;5;3m +0ms[39m
[32m[Nest] 19576  - [39m2026-03-18, 14:07:31 [32m    LOG[39m [38;5;3m[RouterExplorer] [39m[32mMapped {/studios/:studioId/members, GET} route[39m[38;5;3m +1ms[39m
[32m[Nest] 19576  - [39m2026-03-18, 14:07:31 [32m    LOG[39m [38;5;3m[RouterExplorer] [39m[32mMapped {/studios/:studioId/members, POST} route[39m[38;5;3m +0ms[39m
[32m[Nest] 19576  - [39m2026-03-18, 14:07:31 [32m    LOG[39m [38;5;3m[RoutesResolver] [39m[32mWalletsController {/wallets}:[39m[38;5;3m +1ms[39m
[32m[Nest] 19576  - [39m2026-03-18, 14:07:31 [32m    LOG[39m [38;5;3m[RouterExplorer] [39m[32mMapped {/wallets/register, POST} route[39m[38;5;3m +0ms[39m
[32m[Nest] 19576  - [39m2026-03-18, 14:07:31 [32m    LOG[39m [38;5;3m[RouterExplorer] [39m[32mMapped {/wallets/balance, GET} route[39m[38;5;3m +1ms[39m
[32m[Nest] 19576  - [39m2026-03-18, 14:07:31 [32m    LOG[39m [38;5;3m[RouterExplorer] [39m[32mMapped {/wallets/assets, GET} route[39m[38;5;3m +0ms[39m
[32m[Nest] 19576  - [39m2026-03-18, 14:07:31 [32m    LOG[39m [38;5;3m[RouterExplorer] [39m[32mMapped {/wallets/assets/:id, GET} route[39m[38;5;3m +0ms[39m
[32m[Nest] 19576  - [39m2026-03-18, 14:07:31 [32m    LOG[39m [38;5;3m[RoutesResolver] [39m[32mTaxController {/tax}:[39m[38;5;3m +0ms[39m
[32m[Nest] 19576  - [39m2026-03-18, 14:07:31 [32m    LOG[39m [38;5;3m[RouterExplorer] [39m[32mMapped {/tax/summary, GET} route[39m[38;5;3m +1ms[39m
[32m[Nest] 19576  - [39m2026-03-18, 14:07:31 [32m    LOG[39m [38;5;3m[RouterExplorer] [39m[32mMapped {/tax/export, GET} route[39m[38;5;3m +0ms[39m
[32m[Nest] 19576  - [39m2026-03-18, 14:07:31 [32m    LOG[39m [38;5;3m[RoutesResolver] [39m[32mAdminController {/admin}:[39m[38;5;3m +0ms[39m
[32m[Nest] 19576  - [39m2026-03-18, 14:07:31 [32m    LOG[39m [38;5;3m[RouterExplorer] [39m[32mMapped {/admin/fees, GET} route[39m[38;5;3m +0ms[39m
[32m[Nest] 19576  - [39m2026-03-18, 14:07:31 [32m    LOG[39m [38;5;3m[RouterExplorer] [39m[32mMapped {/admin/revenue, GET} route[39m[38;5;3m +1ms[39m
[32m[Nest] 19576  - [39m2026-03-18, 14:07:31 [32m    LOG[39m [38;5;3m[RouterExplorer] [39m[32mMapped {/admin/users, GET} route[39m[38;5;3m +0ms[39m
[32m[Nest] 19576  - [39m2026-03-18, 14:07:31 [32m    LOG[39m [38;5;3m[RouterExplorer] [39m[32mMapped {/admin/studios, GET} route[39m[38;5;3m +0ms[39m
[32m[Nest] 19576  - [39m2026-03-18, 14:07:31 [32m    LOG[39m [38;5;3m[RouterExplorer] [39m[32mMapped {/admin/transactions, GET} route[39m[38;5;3m +1ms[39m
[32m[Nest] 19576  - [39m2026-03-18, 14:07:31 [32m    LOG[39m [38;5;3m[RouterExplorer] [39m[32mMapped {/admin/studios/:id/status, PATCH} route[39m[38;5;3m +0ms[39m
[32m[Nest] 19576  - [39m2026-03-18, 14:07:31 [32m    LOG[39m [38;5;3m[RouterExplorer] [39m[32mMapped {/admin/studios/:id, DELETE} route[39m[38;5;3m +1ms[39m
[32m[Nest] 19576  - [39m2026-03-18, 14:07:31 [32m    LOG[39m [38;5;3m[RouterExplorer] [39m[32mMapped {/admin/studios/:id/games, GET} route[39m[38;5;3m +0ms[39m
[32m[Nest] 19576  - [39m2026-03-18, 14:07:31 [32m    LOG[39m [38;5;3m[RouterExplorer] [39m[32mMapped {/admin/users/:id/admin, PATCH} route[39m[38;5;3m +0ms[39m
[32m[Nest] 19576  - [39m2026-03-18, 14:07:31 [32m    LOG[39m [38;5;3m[RouterExplorer] [39m[32mMapped {/admin/users/:id/suspended, PATCH} route[39m[38;5;3m +1ms[39m
[32m[Nest] 19576  - [39m2026-03-18, 14:07:31 [32m    LOG[39m [38;5;3m[RouterExplorer] [39m[32mMapped {/admin/users/:id, DELETE} route[39m[38;5;3m +0ms[39m
[32m[Nest] 19576  - [39m2026-03-18, 14:07:31 [32m    LOG[39m [38;5;3m[RouterExplorer] [39m[32mMapped {/admin/platform/fee, GET} route[39m[38;5;3m +1ms[39m
[32m[Nest] 19576  - [39m2026-03-18, 14:07:31 [32m    LOG[39m [38;5;3m[RouterExplorer] [39m[32mMapped {/admin/platform/fee, PATCH} route[39m[38;5;3m +0ms[39m
[32m[Nest] 19576  - [39m2026-03-18, 14:07:31 [32m    LOG[39m [38;5;3m[RouterExplorer] [39m[32mMapped {/admin/games, GET} route[39m[38;5;3m +0ms[39m
[32m[Nest] 19576  - [39m2026-03-18, 14:07:31 [32m    LOG[39m [38;5;3m[RouterExplorer] [39m[32mMapped {/admin/games/:id/status, PATCH} route[39m[38;5;3m +1ms[39m
[32m[Nest] 19576  - [39m2026-03-18, 14:07:31 [32m    LOG[39m [38;5;3m[RouterExplorer] [39m[32mMapped {/admin/audit-log, GET} route[39m[38;5;3m +0ms[39m
[32m[Nest] 19576  - [39m2026-03-18, 14:07:31 [32m    LOG[39m [38;5;3m[RoutesResolver] [39m[32mAdminDevController {/admin/dev}:[39m[38;5;3m +0ms[39m
[32m[Nest] 19576  - [39m2026-03-18, 14:07:31 [32m    LOG[39m [38;5;3m[RouterExplorer] [39m[32mMapped {/admin/dev/bootstrap, POST} route[39m[38;5;3m +0ms[39m
[32m[Nest] 19576  - [39m2026-03-18, 14:07:31 [32m    LOG[39m [38;5;3m[RoutesResolver] [39m[32mHealthController {/health}:[39m[38;5;3m +0ms[39m
[32m[Nest] 19576  - [39m2026-03-18, 14:07:31 [32m    LOG[39m [38;5;3m[RouterExplorer] [39m[32mMapped {/health, GET} route[39m[38;5;3m +1ms[39m
[32m[Nest] 19576  - [39m2026-03-18, 14:07:31 [32m    LOG[39m [38;5;3m[RoutesResolver] [39m[32mTokenShopShopController {/api/shop}:[39m[38;5;3m +0ms[39m
[32m[Nest] 19576  - [39m2026-03-18, 14:07:31 [32m    LOG[39m [38;5;3m[RouterExplorer] [39m[32mMapped {/api/shop/supported-assets, GET} route[39m[38;5;3m +0ms[39m
[32m[Nest] 19576  - [39m2026-03-18, 14:07:31 [32m    LOG[39m [38;5;3m[RouterExplorer] [39m[32mMapped {/api/shop/config, GET} route[39m[38;5;3m +0ms[39m
[32m[Nest] 19576  - [39m2026-03-18, 14:07:31 [32m    LOG[39m [38;5;3m[RouterExplorer] [39m[32mMapped {/api/shop/liquidity, GET} route[39m[38;5;3m +1ms[39m
[32m[Nest] 19576  - [39m2026-03-18, 14:07:31 [32m    LOG[39m [38;5;3m[RoutesResolver] [39m[32mTokenShopQuotesController {/api/quotes}:[39m[38;5;3m +0ms[39m
[32m[Nest] 19576  - [39m2026-03-18, 14:07:31 [32m    LOG[39m [38;5;3m[RouterExplorer] [39m[32mMapped {/api/quotes/buy-eth, GET} route[39m[38;5;3m +0ms[39m
[32m[Nest] 19576  - [39m2026-03-18, 14:07:31 [32m    LOG[39m [38;5;3m[RouterExplorer] [39m[32mMapped {/api/quotes/sell-eth, GET} route[39m[38;5;3m +0ms[39m
[32m[Nest] 19576  - [39m2026-03-18, 14:07:31 [32m    LOG[39m [38;5;3m[RouterExplorer] [39m[32mMapped {/api/quotes/buy-token, GET} route[39m[38;5;3m +1ms[39m
[32m[Nest] 19576  - [39m2026-03-18, 14:07:31 [32m    LOG[39m [38;5;3m[RouterExplorer] [39m[32mMapped {/api/quotes/sell-token, GET} route[39m[38;5;3m +0ms[39m
[32m[Nest] 19576  - [39m2026-03-18, 14:07:31 [32m    LOG[39m [38;5;3m[RoutesResolver] [39m[32mTokenShopAnalyticsController {/api/analytics}:[39m[38;5;3m +0ms[39m
[32m[Nest] 19576  - [39m2026-03-18, 14:07:31 [32m    LOG[39m [38;5;3m[RouterExplorer] [39m[32mMapped {/api/analytics/summary, GET} route[39m[38;5;3m +0ms[39m
[32m[Nest] 19576  - [39m2026-03-18, 14:07:31 [32m    LOG[39m [38;5;3m[RouterExplorer] [39m[32mMapped {/api/analytics/per-asset, GET} route[39m[38;5;3m +1ms[39m
[32m[Nest] 19576  - [39m2026-03-18, 14:07:31 [32m    LOG[39m [38;5;3m[RouterExplorer] [39m[32mMapped {/api/analytics/activity, GET} route[39m[38;5;3m +0ms[39m
[32m[Nest] 19576  - [39m2026-03-18, 14:07:31 [32m    LOG[39m [38;5;3m[RoutesResolver] [39m[32mTokenShopUserController {/api/user}:[39m[38;5;3m +0ms[39m
[32m[Nest] 19576  - [39m2026-03-18, 14:07:31 [32m    LOG[39m [38;5;3m[RouterExplorer] [39m[32mMapped {/api/user/:userAddress/balance, GET} route[39m[38;5;3m +0ms[39m
[32m[Nest] 19576  - [39m2026-03-18, 14:07:31 [32m    LOG[39m [38;5;3m[RouterExplorer] [39m[32mMapped {/api/user/:userAddress/history, GET} route[39m[38;5;3m +1ms[39m
[32m[Nest] 19576  - [39m2026-03-18, 14:07:31 [32m    LOG[39m [38;5;3m[RoutesResolver] [39m[32mTokenShopAdminController {/api/admin}:[39m[38;5;3m +0ms[39m
[32m[Nest] 19576  - [39m2026-03-18, 14:07:31 [32m    LOG[39m [38;5;3m[RouterExplorer] [39m[32mMapped {/api/admin/set-rates, POST} route[39m[38;5;3m +0ms[39m
[32m[Nest] 19576  - [39m2026-03-18, 14:07:31 [32m    LOG[39m [38;5;3m[RouterExplorer] [39m[32mMapped {/api/admin/set-fee, POST} route[39m[38;5;3m +1ms[39m
[32m[Nest] 19576  - [39m2026-03-18, 14:07:31 [32m    LOG[39m [38;5;3m[RouterExplorer] [39m[32mMapped {/api/admin/pause, POST} route[39m[38;5;3m +0ms[39m
[32m[Nest] 19576  - [39m2026-03-18, 14:07:31 [32m    LOG[39m [38;5;3m[RouterExplorer] [39m[32mMapped {/api/admin/unpause, POST} route[39m[38;5;3m +1ms[39m
[32m[Nest] 19576  - [39m2026-03-18, 14:07:31 [32m    LOG[39m [38;5;3m[RouterExplorer] [39m[32mMapped {/api/admin/set-limits, POST} route[39m[38;5;3m +0ms[39m
[32m[Nest] 19576  - [39m2026-03-18, 14:07:31 [32m    LOG[39m [38;5;3m[RouterExplorer] [39m[32mMapped {/api/admin/withdraw-eth, POST} route[39m[38;5;3m +1ms[39m
[32m[Nest] 19576  - [39m2026-03-18, 14:07:31 [32m    LOG[39m [38;5;3m[RouterExplorer] [39m[32mMapped {/api/admin/set-supported-token, POST} route[39m[38;5;3m +0ms[39m
[32m[Nest] 19576  - [39m2026-03-18, 14:07:31 [32m    LOG[39m [38;5;3m[RouterExplorer] [39m[32mMapped {/api/admin/set-asset-decimals, POST} route[39m[38;5;3m +0ms[39m
[32m[Nest] 19576  - [39m2026-03-18, 14:07:31 [32m    LOG[39m [38;5;3m[RoutesResolver] [39m[32mTokenShopSyncController {/api}:[39m[38;5;3m +1ms[39m
[32m[Nest] 19576  - [39m2026-03-18, 14:07:31 [32m    LOG[39m [38;5;3m[RouterExplorer] [39m[32mMapped {/api/sync, POST} route[39m[38;5;3m +0ms[39m
[32m[Nest] 19576  - [39m2026-03-18, 14:07:31 [32m    LOG[39m [38;5;3m[RoutesResolver] [39m[32mEconomicsController {/}:[39m[38;5;3m +0ms[39m
[32m[Nest] 19576  - [39m2026-03-18, 14:07:31 [32m    LOG[39m [38;5;3m[RouterExplorer] [39m[32mMapped {/api/player/nonce, GET} route[39m[38;5;3m +0ms[39m
[32m[Nest] 19576  - [39m2026-03-18, 14:07:31 [32m    LOG[39m [38;5;3m[RouterExplorer] [39m[32mMapped {/api/player/session, POST} route[39m[38;5;3m +0ms[39m
[32m[Nest] 19576  - [39m2026-03-18, 14:07:31 [32m    LOG[39m [38;5;3m[RouterExplorer] [39m[32mMapped {/api/player/game-economic-event, POST} route[39m[38;5;3m +1ms[39m
[32m[Nest] 19576  - [39m2026-03-18, 14:07:31 [32m    LOG[39m [38;5;3m[RouterExplorer] [39m[32mMapped {/economics/studio, GET} route[39m[38;5;3m +0ms[39m
[32m[Nest] 19576  - [39m2026-03-18, 14:07:31 [32m    LOG[39m [38;5;3m[RouterExplorer] [39m[32mMapped {/economics/game/:gameId, GET} route[39m[38;5;3m +0ms[39m
[33m[Nest] 19576  - [39m2026-03-18, 14:07:31 [33m   WARN[39m [38;5;3m[TokenShopListenerService] [39m[33mTOKENSHOP_ETH_USD is not set — USD-denominated tax events will have no priceUSD.[39m
[32m[Nest] 19576  - [39m2026-03-18, 14:07:31 [32m    LOG[39m [38;5;3m[TokenShopListenerService] [39m[32mNo WS_RPC_URL configured — using polling mode[39m
[32m[Nest] 19576  - [39m2026-03-18, 14:07:31 [32m    LOG[39m [38;5;3m[NestApplication] [39m[32mNest application successfully started[39m[38;5;3m +2ms[39m
[2J[3J[H[[90m14:19:42[0m] File change detected. Starting incremental compilation...

